11,北京,,0
1101,市辖区,11,1
110101,东城区,1101,2
110102,西城区,1101,2
110105,朝阳区,1101,2
110106,丰台区,1101,2
110107,石景山区,1101,2
110108,海淀区,1101,2
110109,门头沟区,1101,2
110111,房山区,1101,2
110112,通州区,1101,2
110113,顺义区,1101,2
110114,昌平区,1101,2
110115,大兴区,1101,2
110116,怀柔区,1101,2
110117,平谷区,1101,2
1102,县,11,1
110228,密云县,1102,2
110229,延庆县,1102,2
12,天津,,0
1201,市辖区,12,1
120101,和平区,1201,2
120102,河东区,1201,2
120103,河西区,1201,2
120104,南开区,1201,2
120105,河北区,1201,2
120106,红桥区,1201,2
120110,东丽区,1201,2
120111,西青区,1201,2
120112,津南区,1201,2
120113,北辰区,1201,2
120114,武清区,1201,2
120115,宝坻区,1201,2
120116,滨海新区,1201,2
1202,县,12,1
120221,宁河县,1202,2
120223,静海县,1202,2
120225,蓟县,1202,2
13,河北,,0
1301,石家庄市,13,1
130101,市辖区,1301,2
130102,长安区,1301,2
130103,桥东区,1301,2
130104,桥西区,1301,2
130105,新华区,1301,2
130107,井陉矿区,1301,2
130108,裕华区,1301,2
130121,井陉县,1301,2
130123,正定县,1301,2
130124,栾城县,1301,2
130125,行唐县,1301,2
130126,灵寿县,1301,2
130127,高邑县,1301,2
130128,深泽县,1301,2
130129,赞皇县,1301,2
130130,无极县,1301,2
130131,平山县,1301,2
130132,元氏县,1301,2
130133,赵县,1301,2
130181,辛集市,1301,2
130182,藁城市,1301,2
130183,晋州市,1301,2
130184,新乐市,1301,2
130185,鹿泉市,1301,2
1302,唐山市,13,1
130201,市辖区,1302,2
130202,路南区,1302,2
130203,路北区,1302,2
130204,古冶区,1302,2
130205,开平区,1302,2
130207,丰南区,1302,2
130208,丰润区,1302,2
130209,曹妃甸区,1302,2
130223,滦县,1302,2
130224,滦南县,1302,2
130225,乐亭县,1302,2
130227,迁西县,1302,2
130229,玉田县,1302,2
130281,遵化市,1302,2
130283,迁安市,1302,2
1303,秦皇岛市,13,1
130301,市辖区,1303,2
130302,海港区,1303,2
130303,山海关区,1303,2
130304,北戴河区,1303,2
130321,青龙满族自治县,1303,2
130322,昌黎县,1303,2
130323,抚宁县,1303,2
130324,卢龙县,1303,2
1304,邯郸市,13,1
130401,市辖区,1304,2
130402,邯山区,1304,2
130403,丛台区,1304,2
130404,复兴区,1304,2
130406,峰峰矿区,1304,2
130421,邯郸县,1304,2
130423,临漳县,1304,2
130424,成安县,1304,2
130425,大名县,1304,2
130426,涉县,1304,2
130427,磁县,1304,2
130428,肥乡县,1304,2
130429,永年县,1304,2
130430,邱县,1304,2
130431,鸡泽县,1304,2
130432,广平县,1304,2
130433,馆陶县,1304,2
130434,魏县,1304,2
130435,曲周县,1304,2
130481,武安市,1304,2
1305,邢台市,13,1
130501,市辖区,1305,2
130502,桥东区,1305,2
130503,桥西区,1305,2
130521,邢台县,1305,2
130522,临城县,1305,2
130523,内丘县,1305,2
130524,柏乡县,1305,2
130525,隆尧县,1305,2
130526,任县,1305,2
130527,南和县,1305,2
130528,宁晋县,1305,2
130529,巨鹿县,1305,2
130530,新河县,1305,2
130531,广宗县,1305,2
130532,平乡县,1305,2
130533,威县,1305,2
130534,清河县,1305,2
130535,临西县,1305,2
130581,南宫市,1305,2
130582,沙河市,1305,2
1306,保定市,13,1
130601,市辖区,1306,2
130602,新市区,1306,2
130603,北市区,1306,2
130604,南市区,1306,2
130621,满城县,1306,2
130622,清苑县,1306,2
130623,涞水县,1306,2
130624,阜平县,1306,2
130625,徐水县,1306,2
130626,定兴县,1306,2
130627,唐县,1306,2
130628,高阳县,1306,2
130629,容城县,1306,2
130630,涞源县,1306,2
130631,望都县,1306,2
130632,安新县,1306,2
130633,易县,1306,2
130634,曲阳县,1306,2
130635,蠡县,1306,2
130636,顺平县,1306,2
130637,博野县,1306,2
130638,雄县,1306,2
130681,涿州市,1306,2
130682,定州市,1306,2
130683,安国市,1306,2
130684,高碑店市,1306,2
1307,张家口市,13,1
130701,市辖区,1307,2
130702,桥东区,1307,2
130703,桥西区,1307,2
130705,宣化区,1307,2
130706,下花园区,1307,2
130721,宣化县,1307,2
130722,张北县,1307,2
130723,康保县,1307,2
130724,沽源县,1307,2
130725,尚义县,1307,2
130726,蔚县,1307,2
130727,阳原县,1307,2
130728,怀安县,1307,2
130729,万全县,1307,2
130730,怀来县,1307,2
130731,涿鹿县,1307,2
130732,赤城县,1307,2
130733,崇礼县,1307,2
1308,承德市,13,1
130801,市辖区,1308,2
130802,双桥区,1308,2
130803,双滦区,1308,2
130804,鹰手营子矿区,1308,2
130821,承德县,1308,2
130822,兴隆县,1308,2
130823,平泉县,1308,2
130824,滦平县,1308,2
130825,隆化县,1308,2
130826,丰宁满族自治县,1308,2
130827,宽城满族自治县,1308,2
130828,围场满族蒙古族自治县,1308,2
1309,沧州市,13,1
130901,市辖区,1309,2
130902,新华区,1309,2
130903,运河区,1309,2
130921,沧县,1309,2
130922,青县,1309,2
130923,东光县,1309,2
130924,海兴县,1309,2
130925,盐山县,1309,2
130926,肃宁县,1309,2
130927,南皮县,1309,2
130928,吴桥县,1309,2
130929,献县,1309,2
130930,孟村回族自治县,1309,2
130981,泊头市,1309,2
130982,任丘市,1309,2
130983,黄骅市,1309,2
130984,河间市,1309,2
1310,廊坊市,13,1
131001,市辖区,1310,2
131002,安次区,1310,2
131003,广阳区,1310,2
131022,固安县,1310,2
131023,永清县,1310,2
131024,香河县,1310,2
131025,大城县,1310,2
131026,文安县,1310,2
131028,大厂回族自治县,1310,2
131081,霸州市,1310,2
131082,三河市,1310,2
1311,衡水市,13,1
131101,市辖区,1311,2
131102,桃城区,1311,2
131121,枣强县,1311,2
131122,武邑县,1311,2
131123,武强县,1311,2
131124,饶阳县,1311,2
131125,安平县,1311,2
131126,故城县,1311,2
131127,景县,1311,2
131128,阜城县,1311,2
131181,冀州市,1311,2
131182,深州市,1311,2
14,山西,,0
1401,太原市,14,1
140101,市辖区,1401,2
140105,小店区,1401,2
140106,迎泽区,1401,2
140107,杏花岭区,1401,2
140108,尖草坪区,1401,2
140109,万柏林区,1401,2
140110,晋源区,1401,2
140121,清徐县,1401,2
140122,阳曲县,1401,2
140123,娄烦县,1401,2
140181,古交市,1401,2
1402,大同市,14,1
140201,市辖区,1402,2
140202,城区,1402,2
140203,矿区,1402,2
140211,南郊区,1402,2
140212,新荣区,1402,2
140221,阳高县,1402,2
140222,天镇县,1402,2
140223,广灵县,1402,2
140224,灵丘县,1402,2
140225,浑源县,1402,2
140226,左云县,1402,2
140227,大同县,1402,2
1403,阳泉市,14,1
140301,市辖区,1403,2
140302,城区,1403,2
140303,矿区,1403,2
140311,郊区,1403,2
140321,平定县,1403,2
140322,盂县,1403,2
1404,长治市,14,1
140401,市辖区,1404,2
140402,城区,1404,2
140411,郊区,1404,2
140421,长治县,1404,2
140423,襄垣县,1404,2
140424,屯留县,1404,2
140425,平顺县,1404,2
140426,黎城县,1404,2
140427,壶关县,1404,2
140428,长子县,1404,2
140429,武乡县,1404,2
140430,沁县,1404,2
140431,沁源县,1404,2
140481,潞城市,1404,2
1405,晋城市,14,1
140501,市辖区,1405,2
140502,城区,1405,2
140521,沁水县,1405,2
140522,阳城县,1405,2
140524,陵川县,1405,2
140525,泽州县,1405,2
140581,高平市,1405,2
1406,朔州市,14,1
140601,市辖区,1406,2
140602,朔城区,1406,2
140603,平鲁区,1406,2
140621,山阴县,1406,2
140622,应县,1406,2
140623,右玉县,1406,2
140624,怀仁县,1406,2
1407,晋中市,14,1
140701,市辖区,1407,2
140702,榆次区,1407,2
140721,榆社县,1407,2
140722,左权县,1407,2
140723,和顺县,1407,2
140724,昔阳县,1407,2
140725,寿阳县,1407,2
140726,太谷县,1407,2
140727,祁县,1407,2
140728,平遥县,1407,2
140729,灵石县,1407,2
140781,介休市,1407,2
1408,运城市,14,1
140801,市辖区,1408,2
140802,盐湖区,1408,2
140821,临猗县,1408,2
140822,万荣县,1408,2
140823,闻喜县,1408,2
140824,稷山县,1408,2
140825,新绛县,1408,2
140826,绛县,1408,2
140827,垣曲县,1408,2
140828,夏县,1408,2
140829,平陆县,1408,2
140830,芮城县,1408,2
140881,永济市,1408,2
140882,河津市,1408,2
1409,忻州市,14,1
140901,市辖区,1409,2
140902,忻府区,1409,2
140921,定襄县,1409,2
140922,五台县,1409,2
140923,代县,1409,2
140924,繁峙县,1409,2
140925,宁武县,1409,2
140926,静乐县,1409,2
140927,神池县,1409,2
140928,五寨县,1409,2
140929,岢岚县,1409,2
140930,河曲县,1409,2
140931,保德县,1409,2
140932,偏关县,1409,2
140981,原平市,1409,2
1410,临汾市,14,1
141001,市辖区,1410,2
141002,尧都区,1410,2
141021,曲沃县,1410,2
141022,翼城县,1410,2
141023,襄汾县,1410,2
141024,洪洞县,1410,2
141025,古县,1410,2
141026,安泽县,1410,2
141027,浮山县,1410,2
141028,吉县,1410,2
141029,乡宁县,1410,2
141030,大宁县,1410,2
141031,隰县,1410,2
141032,永和县,1410,2
141033,蒲县,1410,2
141034,汾西县,1410,2
141081,侯马市,1410,2
141082,霍州市,1410,2
1411,吕梁市,14,1
141101,市辖区,1411,2
141102,离石区,1411,2
141121,文水县,1411,2
141122,交城县,1411,2
141123,兴县,1411,2
141124,临县,1411,2
141125,柳林县,1411,2
141126,石楼县,1411,2
141127,岚县,1411,2
141128,方山县,1411,2
141129,中阳县,1411,2
141130,交口县,1411,2
141181,孝义市,1411,2
141182,汾阳市,1411,2
15,内蒙古,,0
1501,呼和浩特市,15,1
150101,市辖区,1501,2
150102,新城区,1501,2
150103,回民区,1501,2
150104,玉泉区,1501,2
150105,赛罕区,1501,2
150121,土默特左旗,1501,2
150122,托克托县,1501,2
150123,和林格尔县,1501,2
150124,清水河县,1501,2
150125,武川县,1501,2
1502,包头市,15,1
150201,市辖区,1502,2
150202,东河区,1502,2
150203,昆都仑区,1502,2
150204,青山区,1502,2
150205,石拐区,1502,2
150206,白云鄂博矿区,1502,2
150207,九原区,1502,2
150221,土默特右旗,1502,2
150222,固阳县,1502,2
150223,达尔罕茂明安联合旗,1502,2
1503,乌海市,15,1
150301,市辖区,1503,2
150302,海勃湾区,1503,2
150303,海南区,1503,2
150304,乌达区,1503,2
1504,赤峰市,15,1
150401,市辖区,1504,2
150402,红山区,1504,2
150403,元宝山区,1504,2
150404,松山区,1504,2
150421,阿鲁科尔沁旗,1504,2
150422,巴林左旗,1504,2
150423,巴林右旗,1504,2
150424,林西县,1504,2
150425,克什克腾旗,1504,2
150426,翁牛特旗,1504,2
150428,喀喇沁旗,1504,2
150429,宁城县,1504,2
150430,敖汉旗,1504,2
1505,通辽市,15,1
150501,市辖区,1505,2
150502,科尔沁区,1505,2
150521,科尔沁左翼中旗,1505,2
150522,科尔沁左翼后旗,1505,2
150523,开鲁县,1505,2
150524,库伦旗,1505,2
150525,奈曼旗,1505,2
150526,扎鲁特旗,1505,2
150581,霍林郭勒市,1505,2
1506,鄂尔多斯市,15,1
150601,市辖区,1506,2
150602,东胜区,1506,2
150621,达拉特旗,1506,2
150622,准格尔旗,1506,2
150623,鄂托克前旗,1506,2
150624,鄂托克旗,1506,2
150625,杭锦旗,1506,2
150626,乌审旗,1506,2
150627,伊金霍洛旗,1506,2
1507,呼伦贝尔市,15,1
150701,市辖区,1507,2
150702,海拉尔区,1507,2
150721,阿荣旗,1507,2
150722,莫力达瓦达斡尔族自治旗,1507,2
150723,鄂伦春自治旗,1507,2
150724,鄂温克族自治旗,1507,2
150725,陈巴尔虎旗,1507,2
150726,新巴尔虎左旗,1507,2
150727,新巴尔虎右旗,1507,2
150781,满洲里市,1507,2
150782,牙克石市,1507,2
150783,扎兰屯市,1507,2
150784,额尔古纳市,1507,2
150785,根河市,1507,2
1508,巴彦淖尔市,15,1
150801,市辖区,1508,2
150802,临河区,1508,2
150821,五原县,1508,2
150822,磴口县,1508,2
150823,乌拉特前旗,1508,2
150824,乌拉特中旗,1508,2
150825,乌拉特后旗,1508,2
150826,杭锦后旗,1508,2
1509,乌兰察布市,15,1
150901,市辖区,1509,2
150902,集宁区,1509,2
150921,卓资县,1509,2
150922,化德县,1509,2
150923,商都县,1509,2
150924,兴和县,1509,2
150925,凉城县,1509,2
150926,察哈尔右翼前旗,1509,2
150927,察哈尔右翼中旗,1509,2
150928,察哈尔右翼后旗,1509,2
150929,四子王旗,1509,2
150981,丰镇市,1509,2
1522,兴安盟,15,1
152201,乌兰浩特市,1522,2
152202,阿尔山市,1522,2
152221,科尔沁右翼前旗,1522,2
152222,科尔沁右翼中旗,1522,2
152223,扎赉特旗,1522,2
152224,突泉县,1522,2
1525,锡林郭勒盟,15,1
152501,二连浩特市,1525,2
152502,锡林浩特市,1525,2
152522,阿巴嘎旗,1525,2
152523,苏尼特左旗,1525,2
152524,苏尼特右旗,1525,2
152525,东乌珠穆沁旗,1525,2
152526,西乌珠穆沁旗,1525,2
152527,太仆寺旗,1525,2
152528,镶黄旗,1525,2
152529,正镶白旗,1525,2
152530,正蓝旗,1525,2
152531,多伦县,1525,2
1529,阿拉善盟,15,1
152921,阿拉善左旗,1529,2
152922,阿拉善右旗,1529,2
152923,额济纳旗,1529,2
21,辽宁,,0
2101,沈阳市,21,1
210101,市辖区,2101,2
210102,和平区,2101,2
210103,沈河区,2101,2
210104,大东区,2101,2
210105,皇姑区,2101,2
210106,铁西区,2101,2
210111,苏家屯区,2101,2
210112,东陵区,2101,2
210113,沈北新区,2101,2
210114,于洪区,2101,2
210122,辽中县,2101,2
210123,康平县,2101,2
210124,法库县,2101,2
210181,新民市,2101,2
2102,大连市,21,1
210201,市辖区,2102,2
210202,中山区,2102,2
210203,西岗区,2102,2
210204,沙河口区,2102,2
210211,甘井子区,2102,2
210212,旅顺口区,2102,2
210213,金州区,2102,2
210224,长海县,2102,2
210281,瓦房店市,2102,2
210282,普兰店市,2102,2
210283,庄河市,2102,2
2103,鞍山市,21,1
210301,市辖区,2103,2
210302,铁东区,2103,2
210303,铁西区,2103,2
210304,立山区,2103,2
210311,千山区,2103,2
210321,台安县,2103,2
210323,岫岩满族自治县,2103,2
210381,海城市,2103,2
2104,抚顺市,21,1
210401,市辖区,2104,2
210402,新抚区,2104,2
210403,东洲区,2104,2
210404,望花区,2104,2
210411,顺城区,2104,2
210421,抚顺县,2104,2
210422,新宾满族自治县,2104,2
210423,清原满族自治县,2104,2
2105,本溪市,21,1
210501,市辖区,2105,2
210502,平山区,2105,2
210503,溪湖区,2105,2
210504,明山区,2105,2
210505,南芬区,2105,2
210521,本溪满族自治县,2105,2
210522,桓仁满族自治县,2105,2
2106,丹东市,21,1
210601,市辖区,2106,2
210602,元宝区,2106,2
210603,振兴区,2106,2
210604,振安区,2106,2
210624,宽甸满族自治县,2106,2
210681,东港市,2106,2
210682,凤城市,2106,2
2107,锦州市,21,1
210701,市辖区,2107,2
210702,古塔区,2107,2
210703,凌河区,2107,2
210711,太和区,2107,2
210726,黑山县,2107,2
210727,义县,2107,2
210781,凌海市,2107,2
210782,北镇市,2107,2
2108,营口市,21,1
210801,市辖区,2108,2
210802,站前区,2108,2
210803,西市区,2108,2
210804,鲅鱼圈区,2108,2
210811,老边区,2108,2
210881,盖州市,2108,2
210882,大石桥市,2108,2
2109,阜新市,21,1
210901,市辖区,2109,2
210902,海州区,2109,2
210903,新邱区,2109,2
210904,太平区,2109,2
210905,清河门区,2109,2
210911,细河区,2109,2
210921,阜新蒙古族自治县,2109,2
210922,彰武县,2109,2
2110,辽阳市,21,1
211001,市辖区,2110,2
211002,白塔区,2110,2
211003,文圣区,2110,2
211004,宏伟区,2110,2
211005,弓长岭区,2110,2
211011,太子河区,2110,2
211021,辽阳县,2110,2
211081,灯塔市,2110,2
2111,盘锦市,21,1
211101,市辖区,2111,2
211102,双台子区,2111,2
211103,兴隆台区,2111,2
211121,大洼县,2111,2
211122,盘山县,2111,2
2112,铁岭市,21,1
211201,市辖区,2112,2
211202,银州区,2112,2
211204,清河区,2112,2
211221,铁岭县,2112,2
211223,西丰县,2112,2
211224,昌图县,2112,2
211281,调兵山市,2112,2
211282,开原市,2112,2
2113,朝阳市,21,1
211301,市辖区,2113,2
211302,双塔区,2113,2
211303,龙城区,2113,2
211321,朝阳县,2113,2
211322,建平县,2113,2
211324,喀喇沁左翼蒙古族自治县,2113,2
211381,北票市,2113,2
211382,凌源市,2113,2
2114,葫芦岛市,21,1
211401,市辖区,2114,2
211402,连山区,2114,2
211403,龙港区,2114,2
211404,南票区,2114,2
211421,绥中县,2114,2
211422,建昌县,2114,2
211481,兴城市,2114,2
22,吉林,,0
2201,长春市,22,1
220101,市辖区,2201,2
220102,南关区,2201,2
220103,宽城区,2201,2
220104,朝阳区,2201,2
220105,二道区,2201,2
220106,绿园区,2201,2
220112,双阳区,2201,2
220122,农安县,2201,2
220181,九台市,2201,2
220182,榆树市,2201,2
220183,德惠市,2201,2
2202,吉林市,22,1
220201,市辖区,2202,2
220202,昌邑区,2202,2
220203,龙潭区,2202,2
220204,船营区,2202,2
220211,丰满区,2202,2
220221,永吉县,2202,2
220281,蛟河市,2202,2
220282,桦甸市,2202,2
220283,舒兰市,2202,2
220284,磐石市,2202,2
2203,四平市,22,1
220301,市辖区,2203,2
220302,铁西区,2203,2
220303,铁东区,2203,2
220322,梨树县,2203,2
220323,伊通满族自治县,2203,2
220381,公主岭市,2203,2
220382,双辽市,2203,2
2204,辽源市,22,1
220401,市辖区,2204,2
220402,龙山区,2204,2
220403,西安区,2204,2
220421,东丰县,2204,2
220422,东辽县,2204,2
2205,通化市,22,1
220501,市辖区,2205,2
220502,东昌区,2205,2
220503,二道江区,2205,2
220521,通化县,2205,2
220523,辉南县,2205,2
220524,柳河县,2205,2
220581,梅河口市,2205,2
220582,集安市,2205,2
2206,白山市,22,1
220601,市辖区,2206,2
220602,浑江区,2206,2
220605,江源区,2206,2
220621,抚松县,2206,2
220622,靖宇县,2206,2
220623,长白朝鲜族自治县,2206,2
220681,临江市,2206,2
2207,松原市,22,1
220701,市辖区,2207,2
220702,宁江区,2207,2
220721,前郭尔罗斯蒙古族自治县,2207,2
220722,长岭县,2207,2
220723,乾安县,2207,2
220724,扶余县,2207,2
2208,白城市,22,1
220801,市辖区,2208,2
220802,洮北区,2208,2
220821,镇赉县,2208,2
220822,通榆县,2208,2
220881,洮南市,2208,2
220882,大安市,2208,2
2224,延边朝鲜族自治州,22,1
222401,延吉市,2224,2
222402,图们市,2224,2
222403,敦化市,2224,2
222404,珲春市,2224,2
222405,龙井市,2224,2
222406,和龙市,2224,2
222424,汪清县,2224,2
222426,安图县,2224,2
23,黑龙江,,0
2301,哈尔滨市,23,1
230101,市辖区,2301,2
230102,道里区,2301,2
230103,南岗区,2301,2
230104,道外区,2301,2
230108,平房区,2301,2
230109,松北区,2301,2
230110,香坊区,2301,2
230111,呼兰区,2301,2
230112,阿城区,2301,2
230123,依兰县,2301,2
230124,方正县,2301,2
230125,宾县,2301,2
230126,巴彦县,2301,2
230127,木兰县,2301,2
230128,通河县,2301,2
230129,延寿县,2301,2
230182,双城市,2301,2
230183,尚志市,2301,2
230184,五常市,2301,2
2302,齐齐哈尔市,23,1
230201,市辖区,2302,2
230202,龙沙区,2302,2
230203,建华区,2302,2
230204,铁锋区,2302,2
230205,昂昂溪区,2302,2
230206,富拉尔基区,2302,2
230207,碾子山区,2302,2
230208,梅里斯达斡尔族区,2302,2
230221,龙江县,2302,2
230223,依安县,2302,2
230224,泰来县,2302,2
230225,甘南县,2302,2
230227,富裕县,2302,2
230229,克山县,2302,2
230230,克东县,2302,2
230231,拜泉县,2302,2
230281,讷河市,2302,2
2303,鸡西市,23,1
230301,市辖区,2303,2
230302,鸡冠区,2303,2
230303,恒山区,2303,2
230304,滴道区,2303,2
230305,梨树区,2303,2
230306,城子河区,2303,2
230307,麻山区,2303,2
230321,鸡东县,2303,2
230381,虎林市,2303,2
230382,密山市,2303,2
2304,鹤岗市,23,1
230401,市辖区,2304,2
230402,向阳区,2304,2
230403,工农区,2304,2
230404,南山区,2304,2
230405,兴安区,2304,2
230406,东山区,2304,2
230407,兴山区,2304,2
230421,萝北县,2304,2
230422,绥滨县,2304,2
2305,双鸭山市,23,1
230501,市辖区,2305,2
230502,尖山区,2305,2
230503,岭东区,2305,2
230505,四方台区,2305,2
230506,宝山区,2305,2
230521,集贤县,2305,2
230522,友谊县,2305,2
230523,宝清县,2305,2
230524,饶河县,2305,2
2306,大庆市,23,1
230601,市辖区,2306,2
230602,萨尔图区,2306,2
230603,龙凤区,2306,2
230604,让胡路区,2306,2
230605,红岗区,2306,2
230606,大同区,2306,2
230621,肇州县,2306,2
230622,肇源县,2306,2
230623,林甸县,2306,2
230624,杜尔伯特蒙古族自治县,2306,2
2307,伊春市,23,1
230701,市辖区,2307,2
230702,伊春区,2307,2
230703,南岔区,2307,2
230704,友好区,2307,2
230705,西林区,2307,2
230706,翠峦区,2307,2
230707,新青区,2307,2
230708,美溪区,2307,2
230709,金山屯区,2307,2
230710,五营区,2307,2
230711,乌马河区,2307,2
230712,汤旺河区,2307,2
230713,带岭区,2307,2
230714,乌伊岭区,2307,2
230715,红星区,2307,2
230716,上甘岭区,2307,2
230722,嘉荫县,2307,2
230781,铁力市,2307,2
2308,佳木斯市,23,1
230801,市辖区,2308,2
230803,向阳区,2308,2
230804,前进区,2308,2
230805,东风区,2308,2
230811,郊区,2308,2
230822,桦南县,2308,2
230826,桦川县,2308,2
230828,汤原县,2308,2
230833,抚远县,2308,2
230881,同江市,2308,2
230882,富锦市,2308,2
2309,七台河市,23,1
230901,市辖区,2309,2
230902,新兴区,2309,2
230903,桃山区,2309,2
230904,茄子河区,2309,2
230921,勃利县,2309,2
2310,牡丹江市,23,1
231001,市辖区,2310,2
231002,东安区,2310,2
231003,阳明区,2310,2
231004,爱民区,2310,2
231005,西安区,2310,2
231024,东宁县,2310,2
231025,林口县,2310,2
231081,绥芬河市,2310,2
231083,海林市,2310,2
231084,宁安市,2310,2
231085,穆棱市,2310,2
2311,黑河市,23,1
231101,市辖区,2311,2
231102,爱辉区,2311,2
231121,嫩江县,2311,2
231123,逊克县,2311,2
231124,孙吴县,2311,2
231181,北安市,2311,2
231182,五大连池市,2311,2
2312,绥化市,23,1
231201,市辖区,2312,2
231202,北林区,2312,2
231221,望奎县,2312,2
231222,兰西县,2312,2
231223,青冈县,2312,2
231224,庆安县,2312,2
231225,明水县,2312,2
231226,绥棱县,2312,2
231281,安达市,2312,2
231282,肇东市,2312,2
231283,海伦市,2312,2
2327,大兴安岭地区,23,1
232721,呼玛县,2327,2
232722,塔河县,2327,2
232723,漠河县,2327,2
31,上海,,0
3101,市辖区,31,1
310101,黄浦区,3101,2
310104,徐汇区,3101,2
310105,长宁区,3101,2
310106,静安区,3101,2
310107,普陀区,3101,2
310108,闸北区,3101,2
310109,虹口区,3101,2
310110,杨浦区,3101,2
310112,闵行区,3101,2
310113,宝山区,3101,2
310114,嘉定区,3101,2
310115,浦东新区,3101,2
310116,金山区,3101,2
310117,松江区,3101,2
310118,青浦区,3101,2
310120,奉贤区,3101,2
3102,县,31,1
310230,崇明县,3102,2
32,江苏,,0
3201,南京市,32,1
320101,市辖区,3201,2
320102,玄武区,3201,2
320103,白下区,3201,2
320104,秦淮区,3201,2
320105,建邺区,3201,2
320106,鼓楼区,3201,2
320107,下关区,3201,2
320111,浦口区,3201,2
320113,栖霞区,3201,2
320114,雨花台区,3201,2
320115,江宁区,3201,2
320116,六合区,3201,2
320124,溧水县,3201,2
320125,高淳县,3201,2
3202,无锡市,32,1
320201,市辖区,3202,2
320202,崇安区,3202,2
320203,南长区,3202,2
320204,北塘区,3202,2
320205,锡山区,3202,2
320206,惠山区,3202,2
320211,滨湖区,3202,2
320281,江阴市,3202,2
320282,宜兴市,3202,2
3203,徐州市,32,1
320301,市辖区,3203,2
320302,鼓楼区,3203,2
320303,云龙区,3203,2
320305,贾汪区,3203,2
320311,泉山区,3203,2
320312,铜山区,3203,2
320321,丰县,3203,2
320322,沛县,3203,2
320324,睢宁县,3203,2
320381,新沂市,3203,2
320382,邳州市,3203,2
3204,常州市,32,1
320401,市辖区,3204,2
320402,天宁区,3204,2
320404,钟楼区,3204,2
320405,戚墅堰区,3204,2
320411,新北区,3204,2
320412,武进区,3204,2
320481,溧阳市,3204,2
320482,金坛市,3204,2
3205,苏州市,32,1
320501,市辖区,3205,2
320505,虎丘区,3205,2
320506,吴中区,3205,2
320507,相城区,3205,2
320508,姑苏区,3205,2
320509,吴江区,3205,2
320581,常熟市,3205,2
320582,张家港市,3205,2
320583,昆山市,3205,2
320585,太仓市,3205,2
3206,南通市,32,1
320601,市辖区,3206,2
320602,崇川区,3206,2
320611,港闸区,3206,2
320612,通州区,3206,2
320621,海安县,3206,2
320623,如东县,3206,2
320681,启东市,3206,2
320682,如皋市,3206,2
320684,海门市,3206,2
3207,连云港市,32,1
320701,市辖区,3207,2
320703,连云区,3207,2
320705,新浦区,3207,2
320706,海州区,3207,2
320721,赣榆县,3207,2
320722,东海县,3207,2
320723,灌云县,3207,2
320724,灌南县,3207,2
3208,淮安市,32,1
320801,市辖区,3208,2
320802,清河区,3208,2
320803,淮安区,3208,2
320804,淮阴区,3208,2
320811,清浦区,3208,2
320826,涟水县,3208,2
320829,洪泽县,3208,2
320830,盱眙县,3208,2
320831,金湖县,3208,2
3209,盐城市,32,1
320901,市辖区,3209,2
320902,亭湖区,3209,2
320903,盐都区,3209,2
320921,响水县,3209,2
320922,滨海县,3209,2
320923,阜宁县,3209,2
320924,射阳县,3209,2
320925,建湖县,3209,2
320981,东台市,3209,2
320982,大丰市,3209,2
3210,扬州市,32,1
321001,市辖区,3210,2
321002,广陵区,3210,2
321003,邗江区,3210,2
321012,江都区,3210,2
321023,宝应县,3210,2
321081,仪征市,3210,2
321084,高邮市,3210,2
3211,镇江市,32,1
321101,市辖区,3211,2
321102,京口区,3211,2
321111,润州区,3211,2
321112,丹徒区,3211,2
321181,丹阳市,3211,2
321182,扬中市,3211,2
321183,句容市,3211,2
3212,泰州市,32,1
321201,市辖区,3212,2
321202,海陵区,3212,2
321203,高港区,3212,2
321281,兴化市,3212,2
321282,靖江市,3212,2
321283,泰兴市,3212,2
321284,姜堰市,3212,2
3213,宿迁市,32,1
321301,市辖区,3213,2
321302,宿城区,3213,2
321311,宿豫区,3213,2
321322,沭阳县,3213,2
321323,泗阳县,3213,2
321324,泗洪县,3213,2
33,浙江,,0
3301,杭州市,33,1
330101,市辖区,3301,2
330102,上城区,3301,2
330103,下城区,3301,2
330104,江干区,3301,2
330105,拱墅区,3301,2
330106,西湖区,3301,2
330108,滨江区,3301,2
330109,萧山区,3301,2
330110,余杭区,3301,2
330122,桐庐县,3301,2
330127,淳安县,3301,2
330182,建德市,3301,2
330183,富阳市,3301,2
330185,临安市,3301,2
3302,宁波市,33,1
330201,市辖区,3302,2
330203,海曙区,3302,2
330204,江东区,3302,2
330205,江北区,3302,2
330206,北仑区,3302,2
330211,镇海区,3302,2
330212,鄞州区,3302,2
330225,象山县,3302,2
330226,宁海县,3302,2
330281,余姚市,3302,2
330282,慈溪市,3302,2
330283,奉化市,3302,2
3303,温州市,33,1
330301,市辖区,3303,2
330302,鹿城区,3303,2
330303,龙湾区,3303,2
330304,瓯海区,3303,2
330322,洞头县,3303,2
330324,永嘉县,3303,2
330326,平阳县,3303,2
330327,苍南县,3303,2
330328,文成县,3303,2
330329,泰顺县,3303,2
330381,瑞安市,3303,2
330382,乐清市,3303,2
3304,嘉兴市,33,1
330401,市辖区,3304,2
330402,南湖区,3304,2
330411,秀洲区,3304,2
330421,嘉善县,3304,2
330424,海盐县,3304,2
330481,海宁市,3304,2
330482,平湖市,3304,2
330483,桐乡市,3304,2
3305,湖州市,33,1
330501,市辖区,3305,2
330502,吴兴区,3305,2
330503,南浔区,3305,2
330521,德清县,3305,2
330522,长兴县,3305,2
330523,安吉县,3305,2
3306,绍兴市,33,1
330601,市辖区,3306,2
330602,越城区,3306,2
330621,绍兴县,3306,2
330624,新昌县,3306,2
330681,诸暨市,3306,2
330682,上虞市,3306,2
330683,嵊州市,3306,2
3307,金华市,33,1
330701,市辖区,3307,2
330702,婺城区,3307,2
330703,金东区,3307,2
330723,武义县,3307,2
330726,浦江县,3307,2
330727,磐安县,3307,2
330781,兰溪市,3307,2
330782,义乌市,3307,2
330783,东阳市,3307,2
330784,永康市,3307,2
3308,衢州市,33,1
330801,市辖区,3308,2
330802,柯城区,3308,2
330803,衢江区,3308,2
330822,常山县,3308,2
330824,开化县,3308,2
330825,龙游县,3308,2
330881,江山市,3308,2
3309,舟山市,33,1
330901,市辖区,3309,2
330902,定海区,3309,2
330903,普陀区,3309,2
330921,岱山县,3309,2
330922,嵊泗县,3309,2
3310,台州市,33,1
331001,市辖区,3310,2
331002,椒江区,3310,2
331003,黄岩区,3310,2
331004,路桥区,3310,2
331021,玉环县,3310,2
331022,三门县,3310,2
331023,天台县,3310,2
331024,仙居县,3310,2
331081,温岭市,3310,2
331082,临海市,3310,2
3311,丽水市,33,1
331101,市辖区,3311,2
331102,莲都区,3311,2
331121,青田县,3311,2
331122,缙云县,3311,2
331123,遂昌县,3311,2
331124,松阳县,3311,2
331125,云和县,3311,2
331126,庆元县,3311,2
331127,景宁畲族自治县,3311,2
331181,龙泉市,3311,2
34,安徽,,0
3401,合肥市,34,1
340101,市辖区,3401,2
340102,瑶海区,3401,2
340103,庐阳区,3401,2
340104,蜀山区,3401,2
340111,包河区,3401,2
340121,长丰县,3401,2
340122,肥东县,3401,2
340123,肥西县,3401,2
340124,庐江县,3401,2
340181,巢湖市,3401,2
3402,芜湖市,34,1
340201,市辖区,3402,2
340202,镜湖区,3402,2
340203,弋江区,3402,2
340207,鸠江区,3402,2
340208,三山区,3402,2
340221,芜湖县,3402,2
340222,繁昌县,3402,2
340223,南陵县,3402,2
340225,无为县,3402,2
3403,蚌埠市,34,1
340301,市辖区,3403,2
340302,龙子湖区,3403,2
340303,蚌山区,3403,2
340304,禹会区,3403,2
340311,淮上区,3403,2
340321,怀远县,3403,2
340322,五河县,3403,2
340323,固镇县,3403,2
3404,淮南市,34,1
340401,市辖区,3404,2
340402,大通区,3404,2
340403,田家庵区,3404,2
340404,谢家集区,3404,2
340405,八公山区,3404,2
340406,潘集区,3404,2
340421,凤台县,3404,2
3405,马鞍山市,34,1
340501,市辖区,3405,2
340503,花山区,3405,2
340504,雨山区,3405,2
340506,博望区,3405,2
340521,当涂县,3405,2
340522,含山县,3405,2
340523,和县,3405,2
3406,淮北市,34,1
340601,市辖区,3406,2
340602,杜集区,3406,2
340603,相山区,3406,2
340604,烈山区,3406,2
340621,濉溪县,3406,2
3407,铜陵市,34,1
340701,市辖区,3407,2
340702,铜官山区,3407,2
340703,狮子山区,3407,2
340711,郊区,3407,2
340721,铜陵县,3407,2
3408,安庆市,34,1
340801,市辖区,3408,2
340802,迎江区,3408,2
340803,大观区,3408,2
340811,宜秀区,3408,2
340822,怀宁县,3408,2
340823,枞阳县,3408,2
340824,潜山县,3408,2
340825,太湖县,3408,2
340826,宿松县,3408,2
340827,望江县,3408,2
340828,岳西县,3408,2
340881,桐城市,3408,2
3410,黄山市,34,1
341001,市辖区,3410,2
341002,屯溪区,3410,2
341003,黄山区,3410,2
341004,徽州区,3410,2
341021,歙县,3410,2
341022,休宁县,3410,2
341023,黟县,3410,2
341024,祁门县,3410,2
3411,滁州市,34,1
341101,市辖区,3411,2
341102,琅琊区,3411,2
341103,南谯区,3411,2
341122,来安县,3411,2
341124,全椒县,3411,2
341125,定远县,3411,2
341126,凤阳县,3411,2
341181,天长市,3411,2
341182,明光市,3411,2
3412,阜阳市,34,1
341201,市辖区,3412,2
341202,颍州区,3412,2
341203,颍东区,3412,2
341204,颍泉区,3412,2
341221,临泉县,3412,2
341222,太和县,3412,2
341225,阜南县,3412,2
341226,颍上县,3412,2
341282,界首市,3412,2
3413,宿州市,34,1
341301,市辖区,3413,2
341302,桥区,3413,2
341321,砀山县,3413,2
341322,萧县,3413,2
341323,灵璧县,3413,2
341324,泗县,3413,2
3415,六安市,34,1
341501,市辖区,3415,2
341502,金安区,3415,2
341503,裕安区,3415,2
341521,寿县,3415,2
341522,霍邱县,3415,2
341523,舒城县,3415,2
341524,金寨县,3415,2
341525,霍山县,3415,2
3416,亳州市,34,1
341601,市辖区,3416,2
341602,谯城区,3416,2
341621,涡阳县,3416,2
341622,蒙城县,3416,2
341623,利辛县,3416,2
3417,池州市,34,1
341701,市辖区,3417,2
341702,贵池区,3417,2
341721,东至县,3417,2
341722,石台县,3417,2
341723,青阳县,3417,2
3418,宣城市,34,1
341801,市辖区,3418,2
341802,宣州区,3418,2
341821,郎溪县,3418,2
341822,广德县,3418,2
341823,泾县,3418,2
341824,绩溪县,3418,2
341825,旌德县,3418,2
341881,宁国市,3418,2
35,福建,,0
3501,福州市,35,1
350101,市辖区,3501,2
350102,鼓楼区,3501,2
350103,台江区,3501,2
350104,仓山区,3501,2
350105,马尾区,3501,2
350111,晋安区,3501,2
350121,闽侯县,3501,2
350122,连江县,3501,2
350123,罗源县,3501,2
350124,闽清县,3501,2
350125,永泰县,3501,2
350128,平潭县,3501,2
350181,福清市,3501,2
350182,长乐市,3501,2
3502,厦门市,35,1
350201,市辖区,3502,2
350203,思明区,3502,2
350205,海沧区,3502,2
350206,湖里区,3502,2
350211,集美区,3502,2
350212,同安区,3502,2
350213,翔安区,3502,2
3503,莆田市,35,1
350301,市辖区,3503,2
350302,城厢区,3503,2
350303,涵江区,3503,2
350304,荔城区,3503,2
350305,秀屿区,3503,2
350322,仙游县,3503,2
3504,三明市,35,1
350401,市辖区,3504,2
350402,梅列区,3504,2
350403,三元区,3504,2
350421,明溪县,3504,2
350423,清流县,3504,2
350424,宁化县,3504,2
350425,大田县,3504,2
350426,尤溪县,3504,2
350427,沙县,3504,2
350428,将乐县,3504,2
350429,泰宁县,3504,2
350430,建宁县,3504,2
350481,永安市,3504,2
3505,泉州市,35,1
350501,市辖区,3505,2
350502,鲤城区,3505,2
350503,丰泽区,3505,2
350504,洛江区,3505,2
350505,泉港区,3505,2
350521,惠安县,3505,2
350524,安溪县,3505,2
350525,永春县,3505,2
350526,德化县,3505,2
350527,金门县,3505,2
350581,石狮市,3505,2
350582,晋江市,3505,2
350583,南安市,3505,2
3506,漳州市,35,1
350601,市辖区,3506,2
350602,芗城区,3506,2
350603,龙文区,3506,2
350622,云霄县,3506,2
350623,漳浦县,3506,2
350624,诏安县,3506,2
350625,长泰县,3506,2
350626,东山县,3506,2
350627,南靖县,3506,2
350628,平和县,3506,2
350629,华安县,3506,2
350681,龙海市,3506,2
3507,南平市,35,1
350701,市辖区,3507,2
350702,延平区,3507,2
350721,顺昌县,3507,2
350722,浦城县,3507,2
350723,光泽县,3507,2
350724,松溪县,3507,2
350725,政和县,3507,2
350781,邵武市,3507,2
350782,武夷山市,3507,2
350783,建瓯市,3507,2
350784,建阳市,3507,2
3508,龙岩市,35,1
350801,市辖区,3508,2
350802,新罗区,3508,2
350821,长汀县,3508,2
350822,永定县,3508,2
350823,上杭县,3508,2
350824,武平县,3508,2
350825,连城县,3508,2
350881,漳平市,3508,2
3509,宁德市,35,1
350901,市辖区,3509,2
350902,蕉城区,3509,2
350921,霞浦县,3509,2
350922,古田县,3509,2
350923,屏南县,3509,2
350924,寿宁县,3509,2
350925,周宁县,3509,2
350926,柘荣县,3509,2
350981,福安市,3509,2
350982,福鼎市,3509,2
36,江西,,0
3601,南昌市,36,1
360101,市辖区,3601,2
360102,东湖区,3601,2
360103,西湖区,3601,2
360104,青云谱区,3601,2
360105,湾里区,3601,2
360111,青山湖区,3601,2
360121,南昌县,3601,2
360122,新建县,3601,2
360123,安义县,3601,2
360124,进贤县,3601,2
3602,景德镇市,36,1
360201,市辖区,3602,2
360202,昌江区,3602,2
360203,珠山区,3602,2
360222,浮梁县,3602,2
360281,乐平市,3602,2
3603,萍乡市,36,1
360301,市辖区,3603,2
360302,安源区,3603,2
360313,湘东区,3603,2
360321,莲花县,3603,2
360322,上栗县,3603,2
360323,芦溪县,3603,2
3604,九江市,36,1
360401,市辖区,3604,2
360402,庐山区,3604,2
360403,浔阳区,3604,2
360421,九江县,3604,2
360423,武宁县,3604,2
360424,修水县,3604,2
360425,永修县,3604,2
360426,德安县,3604,2
360427,星子县,3604,2
360428,都昌县,3604,2
360429,湖口县,3604,2
360430,彭泽县,3604,2
360481,瑞昌市,3604,2
360482,共青城市,3604,2
3605,新余市,36,1
360501,市辖区,3605,2
360502,渝水区,3605,2
360521,分宜县,3605,2
3606,鹰潭市,36,1
360601,市辖区,3606,2
360602,月湖区,3606,2
360622,余江县,3606,2
360681,贵溪市,3606,2
3607,赣州市,36,1
360701,市辖区,3607,2
360702,章贡区,3607,2
360721,赣县,3607,2
360722,信丰县,3607,2
360723,大余县,3607,2
360724,上犹县,3607,2
360725,崇义县,3607,2
360726,安远县,3607,2
360727,龙南县,3607,2
360728,定南县,3607,2
360729,全南县,3607,2
360730,宁都县,3607,2
360731,于都县,3607,2
360732,兴国县,3607,2
360733,会昌县,3607,2
360734,寻乌县,3607,2
360735,石城县,3607,2
360781,瑞金市,3607,2
360782,南康市,3607,2
3608,吉安市,36,1
360801,市辖区,3608,2
360802,吉州区,3608,2
360803,青原区,3608,2
360821,吉安县,3608,2
360822,吉水县,3608,2
360823,峡江县,3608,2
360824,新干县,3608,2
360825,永丰县,3608,2
360826,泰和县,3608,2
360827,遂川县,3608,2
360828,万安县,3608,2
360829,安福县,3608,2
360830,永新县,3608,2
360881,井冈山市,3608,2
3609,宜春市,36,1
360901,市辖区,3609,2
360902,袁州区,3609,2
360921,奉新县,3609,2
360922,万载县,3609,2
360923,上高县,3609,2
360924,宜丰县,3609,2
360925,靖安县,3609,2
360926,铜鼓县,3609,2
360981,丰城市,3609,2
360982,樟树市,3609,2
360983,高安市,3609,2
3610,抚州市,36,1
361001,市辖区,3610,2
361002,临川区,3610,2
361021,南城县,3610,2
361022,黎川县,3610,2
361023,南丰县,3610,2
361024,崇仁县,3610,2
361025,乐安县,3610,2
361026,宜黄县,3610,2
361027,金溪县,3610,2
361028,资溪县,3610,2
361029,东乡县,3610,2
361030,广昌县,3610,2
3611,上饶市,36,1
361101,市辖区,3611,2
361102,信州区,3611,2
361121,上饶县,3611,2
361122,广丰县,3611,2
361123,玉山县,3611,2
361124,铅山县,3611,2
361125,横峰县,3611,2
361126,弋阳县,3611,2
361127,余干县,3611,2
361128,鄱阳县,3611,2
361129,万年县,3611,2
361130,婺源县,3611,2
361181,德兴市,3611,2
37,山东,,0
3701,济南市,37,1
370101,市辖区,3701,2
370102,历下区,3701,2
370103,市中区,3701,2
370104,槐荫区,3701,2
370105,天桥区,3701,2
370112,历城区,3701,2
370113,长清区,3701,2
370124,平阴县,3701,2
370125,济阳县,3701,2
370126,商河县,3701,2
370181,章丘市,3701,2
3702,青岛市,37,1
370201,市辖区,3702,2
370202,市南区,3702,2
370203,市北区,3702,2
370205,四方区,3702,2
370211,黄岛区,3702,2
370212,崂山区,3702,2
370213,李沧区,3702,2
370214,城阳区,3702,2
370281,胶州市,3702,2
370282,即墨市,3702,2
370283,平度市,3702,2
370284,胶南市,3702,2
370285,莱西市,3702,2
3703,淄博市,37,1
370301,市辖区,3703,2
370302,淄川区,3703,2
370303,张店区,3703,2
370304,博山区,3703,2
370305,临淄区,3703,2
370306,周村区,3703,2
370321,桓台县,3703,2
370322,高青县,3703,2
370323,沂源县,3703,2
3704,枣庄市,37,1
370401,市辖区,3704,2
370402,市中区,3704,2
370403,薛城区,3704,2
370404,峄城区,3704,2
370405,台儿庄区,3704,2
370406,山亭区,3704,2
370481,滕州市,3704,2
3705,东营市,37,1
370501,市辖区,3705,2
370502,东营区,3705,2
370503,河口区,3705,2
370521,垦利县,3705,2
370522,利津县,3705,2
370523,广饶县,3705,2
3706,烟台市,37,1
370601,市辖区,3706,2
370602,芝罘区,3706,2
370611,福山区,3706,2
370612,牟平区,3706,2
370613,莱山区,3706,2
370634,长岛县,3706,2
370681,龙口市,3706,2
370682,莱阳市,3706,2
370683,莱州市,3706,2
370684,蓬莱市,3706,2
370685,招远市,3706,2
370686,栖霞市,3706,2
370687,海阳市,3706,2
3707,潍坊市,37,1
370701,市辖区,3707,2
370702,潍城区,3707,2
370703,寒亭区,3707,2
370704,坊子区,3707,2
370705,奎文区,3707,2
370724,临朐县,3707,2
370725,昌乐县,3707,2
370781,青州市,3707,2
370782,诸城市,3707,2
370783,寿光市,3707,2
370784,安丘市,3707,2
370785,高密市,3707,2
370786,昌邑市,3707,2
3708,济宁市,37,1
370801,市辖区,3708,2
370802,市中区,3708,2
370811,任城区,3708,2
370826,微山县,3708,2
370827,鱼台县,3708,2
370828,金乡县,3708,2
370829,嘉祥县,3708,2
370830,汶上县,3708,2
370831,泗水县,3708,2
370832,梁山县,3708,2
370881,曲阜市,3708,2
370882,兖州市,3708,2
370883,邹城市,3708,2
3709,泰安市,37,1
370901,市辖区,3709,2
370902,泰山区,3709,2
370911,岱岳区,3709,2
370921,宁阳县,3709,2
370923,东平县,3709,2
370982,新泰市,3709,2
370983,肥城市,3709,2
3710,威海市,37,1
371001,市辖区,3710,2
371002,环翠区,3710,2
371081,文登市,3710,2
371082,荣成市,3710,2
371083,乳山市,3710,2
3711,日照市,37,1
371101,市辖区,3711,2
371102,东港区,3711,2
371103,岚山区,3711,2
371121,五莲县,3711,2
371122,莒县,3711,2
3712,莱芜市,37,1
371201,市辖区,3712,2
371202,莱城区,3712,2
371203,钢城区,3712,2
3713,临沂市,37,1
371301,市辖区,3713,2
371302,兰山区,3713,2
371311,罗庄区,3713,2
371312,河东区,3713,2
371321,沂南县,3713,2
371322,郯城县,3713,2
371323,沂水县,3713,2
371324,苍山县,3713,2
371325,费县,3713,2
371326,平邑县,3713,2
371327,莒南县,3713,2
371328,蒙阴县,3713,2
371329,临沭县,3713,2
3714,德州市,37,1
371401,市辖区,3714,2
371402,德城区,3714,2
371421,陵县,3714,2
371422,宁津县,3714,2
371423,庆云县,3714,2
371424,临邑县,3714,2
371425,齐河县,3714,2
371426,平原县,3714,2
371427,夏津县,3714,2
371428,武城县,3714,2
371481,乐陵市,3714,2
371482,禹城市,3714,2
3715,聊城市,37,1
371501,市辖区,3715,2
371502,东昌府区,3715,2
371521,阳谷县,3715,2
371522,莘县,3715,2
371523,茌平县,3715,2
371524,东阿县,3715,2
371525,冠县,3715,2
371526,高唐县,3715,2
371581,临清市,3715,2
3716,滨州市,37,1
371601,市辖区,3716,2
371602,滨城区,3716,2
371621,惠民县,3716,2
371622,阳信县,3716,2
371623,无棣县,3716,2
371624,沾化县,3716,2
371625,博兴县,3716,2
371626,邹平县,3716,2
3717,菏泽市,37,1
371701,市辖区,3717,2
371702,牡丹区,3717,2
371721,曹县,3717,2
371722,单县,3717,2
371723,成武县,3717,2
371724,巨野县,3717,2
371725,郓城县,3717,2
371726,鄄城县,3717,2
371727,定陶县,3717,2
371728,东明县,3717,2
41,河南,,0
4101,郑州市,41,1
410101,市辖区,4101,2
410102,中原区,4101,2
410103,二七区,4101,2
410104,管城回族区,4101,2
410105,金水区,4101,2
410106,上街区,4101,2
410108,惠济区,4101,2
410122,中牟县,4101,2
410181,巩义市,4101,2
410182,荥阳市,4101,2
410183,新密市,4101,2
410184,新郑市,4101,2
410185,登封市,4101,2
4102,开封市,41,1
410201,市辖区,4102,2
410202,龙亭区,4102,2
410203,顺河回族区,4102,2
410204,鼓楼区,4102,2
410205,禹王台区,4102,2
410211,金明区,4102,2
410221,杞县,4102,2
410222,通许县,4102,2
410223,尉氏县,4102,2
410224,开封县,4102,2
410225,兰考县,4102,2
4103,洛阳市,41,1
410301,市辖区,4103,2
410302,老城区,4103,2
410303,西工区,4103,2
410304,e河回族区,4103,2
410305,涧西区,4103,2
410306,吉利区,4103,2
410311,洛龙区,4103,2
410322,孟津县,4103,2
410323,新安县,4103,2
410324,栾川县,4103,2
410325,嵩县,4103,2
410326,汝阳县,4103,2
410327,宜阳县,4103,2
410328,洛宁县,4103,2
410329,伊川县,4103,2
410381,偃师市,4103,2
4104,平顶山市,41,1
410401,市辖区,4104,2
410402,新华区,4104,2
410403,卫东区,4104,2
410404,石龙区,4104,2
410411,湛河区,4104,2
410421,宝丰县,4104,2
410422,叶县,4104,2
410423,鲁山县,4104,2
410425,郏县,4104,2
410481,舞钢市,4104,2
410482,汝州市,4104,2
4105,安阳市,41,1
410501,市辖区,4105,2
410502,文峰区,4105,2
410503,北关区,4105,2
410505,殷都区,4105,2
410506,龙安区,4105,2
410522,安阳县,4105,2
410523,汤阴县,4105,2
410526,滑县,4105,2
410527,内黄县,4105,2
410581,林州市,4105,2
4106,鹤壁市,41,1
410601,市辖区,4106,2
410602,鹤山区,4106,2
410603,山城区,4106,2
410611,淇滨区,4106,2
410621,浚县,4106,2
410622,淇县,4106,2
4107,新乡市,41,1
410701,市辖区,4107,2
410702,红旗区,4107,2
410703,卫滨区,4107,2
410704,凤泉区,4107,2
410711,牧野区,4107,2
410721,新乡县,4107,2
410724,获嘉县,4107,2
410725,原阳县,4107,2
410726,延津县,4107,2
410727,封丘县,4107,2
410728,长垣县,4107,2
410781,卫辉市,4107,2
410782,辉县市,4107,2
4108,焦作市,41,1
410801,市辖区,4108,2
410802,解放区,4108,2
410803,中站区,4108,2
410804,马村区,4108,2
410811,山阳区,4108,2
410821,修武县,4108,2
410822,博爱县,4108,2
410823,武陟县,4108,2
410825,温县,4108,2
410882,沁阳市,4108,2
410883,孟州市,4108,2
4109,濮阳市,41,1
410901,市辖区,4109,2
410902,华龙区,4109,2
410922,清丰县,4109,2
410923,南乐县,4109,2
410926,范县,4109,2
410927,台前县,4109,2
410928,濮阳县,4109,2
4110,许昌市,41,1
411001,市辖区,4110,2
411002,魏都区,4110,2
411023,许昌县,4110,2
411024,鄢陵县,4110,2
411025,襄城县,4110,2
411081,禹州市,4110,2
411082,长葛市,4110,2
4111,漯河市,41,1
411101,市辖区,4111,2
411102,源汇区,4111,2
411103,郾城区,4111,2
411104,召陵区,4111,2
411121,舞阳县,4111,2
411122,临颍县,4111,2
4112,三门峡市,41,1
411201,市辖区,4112,2
411202,湖滨区,4112,2
411221,渑池县,4112,2
411222,陕县,4112,2
411224,卢氏县,4112,2
411281,义马市,4112,2
411282,灵宝市,4112,2
4113,南阳市,41,1
411301,市辖区,4113,2
411302,宛城区,4113,2
411303,卧龙区,4113,2
411321,南召县,4113,2
411322,方城县,4113,2
411323,西峡县,4113,2
411324,镇平县,4113,2
411325,内乡县,4113,2
411326,淅川县,4113,2
411327,社旗县,4113,2
411328,唐河县,4113,2
411329,新野县,4113,2
411330,桐柏县,4113,2
411381,邓州市,4113,2
4114,商丘市,41,1
411401,市辖区,4114,2
411402,梁园区,4114,2
411403,睢阳区,4114,2
411421,民权县,4114,2
411422,睢县,4114,2
411423,宁陵县,4114,2
411424,柘城县,4114,2
411425,虞城县,4114,2
411426,夏邑县,4114,2
411481,永城市,4114,2
4115,信阳市,41,1
411501,市辖区,4115,2
411502,负忧,4115,2
411503,平桥区,4115,2
411521,罗山县,4115,2
411522,光山县,4115,2
411523,新县,4115,2
411524,商城县,4115,2
411525,固始县,4115,2
411526,潢川县,4115,2
411527,淮滨县,4115,2
411528,息县,4115,2
4116,周口市,41,1
411601,市辖区,4116,2
411602,川汇区,4116,2
411621,扶沟县,4116,2
411622,西华县,4116,2
411623,商水县,4116,2
411624,沈丘县,4116,2
411625,郸城县,4116,2
411626,淮阳县,4116,2
411627,太康县,4116,2
411628,鹿邑县,4116,2
411681,项城市,4116,2
4117,驻马店市,41,1
411701,市辖区,4117,2
411702,驿城区,4117,2
411721,西平县,4117,2
411722,上蔡县,4117,2
411723,平舆县,4117,2
411724,正阳县,4117,2
411725,确山县,4117,2
411726,泌阳县,4117,2
411727,汝南县,4117,2
411728,遂平县,4117,2
411729,新蔡县,4117,2
4190,省直辖县级行政区划,41,1
419001,济源市,4190,2
42,湖北,,0
4201,武汉市,42,1
420101,市辖区,4201,2
420102,江岸区,4201,2
420103,江汉区,4201,2
420104,~口区,4201,2
420105,汉阳区,4201,2
420106,武昌区,4201,2
420107,青山区,4201,2
420111,洪山区,4201,2
420112,东西湖区,4201,2
420113,汉南区,4201,2
420114,蔡甸区,4201,2
420115,江夏区,4201,2
420116,黄陂区,4201,2
420117,新洲区,4201,2
4202,黄石市,42,1
420201,市辖区,4202,2
420202,黄石港区,4202,2
420203,西塞山区,4202,2
420204,下陆区,4202,2
420205,铁山区,4202,2
420222,阳新县,4202,2
420281,大冶市,4202,2
4203,十堰市,42,1
420301,市辖区,4203,2
420302,茅箭区,4203,2
420303,张湾区,4203,2
420321,郧县,4203,2
420322,郧西县,4203,2
420323,竹山县,4203,2
420324,竹溪县,4203,2
420325,房县,4203,2
420381,丹江口市,4203,2
4205,宜昌市,42,1
420501,市辖区,4205,2
420502,西陵区,4205,2
420503,伍家岗区,4205,2
420504,点军区,4205,2
420505,V亭区,4205,2
420506,夷陵区,4205,2
420525,远安县,4205,2
420526,兴山县,4205,2
420527,秭归县,4205,2
420528,长阳土家族自治县,4205,2
420529,五峰土家族自治县,4205,2
420581,宜都市,4205,2
420582,当阳市,4205,2
420583,枝江市,4205,2
4206,襄阳市,42,1
420601,市辖区,4206,2
420602,襄城区,4206,2
420606,樊城区,4206,2
420607,襄州区,4206,2
420624,南漳县,4206,2
420625,谷城县,4206,2
420626,保康县,4206,2
420682,老河口市,4206,2
420683,枣阳市,4206,2
420684,宜城市,4206,2
4207,鄂州市,42,1
420701,市辖区,4207,2
420702,梁子湖区,4207,2
420703,华容区,4207,2
420704,鄂城区,4207,2
4208,荆门市,42,1
420801,市辖区,4208,2
420802,东宝区,4208,2
420804,掇刀区,4208,2
420821,京山县,4208,2
420822,沙洋县,4208,2
420881,钟祥市,4208,2
4209,孝感市,42,1
420901,市辖区,4209,2
420902,孝南区,4209,2
420921,孝昌县,4209,2
420922,大悟县,4209,2
420923,云梦县,4209,2
420981,应城市,4209,2
420982,安陆市,4209,2
420984,汉川市,4209,2
4210,荆州市,42,1
421001,市辖区,4210,2
421002,沙市区,4210,2
421003,荆州区,4210,2
421022,公安县,4210,2
421023,监利县,4210,2
421024,江陵县,4210,2
421081,石首市,4210,2
421083,洪湖市,4210,2
421087,松滋市,4210,2
4211,黄冈市,42,1
421101,市辖区,4211,2
421102,黄州区,4211,2
421121,团风县,4211,2
421122,红安县,4211,2
421123,罗田县,4211,2
421124,英山县,4211,2
421125,浠水县,4211,2
421126,蕲春县,4211,2
421127,黄梅县,4211,2
421181,麻城市,4211,2
421182,武穴市,4211,2
4212,咸宁市,42,1
421201,市辖区,4212,2
421202,咸安区,4212,2
421221,嘉鱼县,4212,2
421222,通城县,4212,2
421223,崇阳县,4212,2
421224,通山县,4212,2
421281,赤壁市,4212,2
4213,随州市,42,1
421301,市辖区,4213,2
421303,曾都区,4213,2
421321,随县,4213,2
421381,广水市,4213,2
4228,恩施土家族苗族自治州,42,1
422801,恩施市,4228,2
422802,利川市,4228,2
422822,建始县,4228,2
422823,巴东县,4228,2
422825,宣恩县,4228,2
422826,咸丰县,4228,2
422827,来凤县,4228,2
422828,鹤峰县,4228,2
4290,省直辖县级行政区划,42,1
429004,仙桃市,4290,2
429005,潜江市,4290,2
429006,天门市,4290,2
429021,神农架林区,4290,2
43,湖南,,0
4301,长沙市,43,1
430101,市辖区,4301,2
430102,芙蓉区,4301,2
430103,天心区,4301,2
430104,岳麓区,4301,2
430105,开福区,4301,2
430111,雨花区,4301,2
430112,望城区,4301,2
430121,长沙县,4301,2
430124,宁乡县,4301,2
430181,浏阳市,4301,2
4302,株洲市,43,1
430201,市辖区,4302,2
430202,荷塘区,4302,2
430203,芦淞区,4302,2
430204,石峰区,4302,2
430211,天元区,4302,2
430221,株洲县,4302,2
430223,攸县,4302,2
430224,茶陵县,4302,2
430225,炎陵县,4302,2
430281,醴陵市,4302,2
4303,湘潭市,43,1
430301,市辖区,4303,2
430302,雨湖区,4303,2
430304,岳塘区,4303,2
430321,湘潭县,4303,2
430381,湘乡市,4303,2
430382,韶山市,4303,2
4304,衡阳市,43,1
430401,市辖区,4304,2
430405,珠晖区,4304,2
430406,雁峰区,4304,2
430407,石鼓区,4304,2
430408,蒸湘区,4304,2
430412,南岳区,4304,2
430421,衡阳县,4304,2
430422,衡南县,4304,2
430423,衡山县,4304,2
430424,衡东县,4304,2
430426,祁东县,4304,2
430481,耒阳市,4304,2
430482,常宁市,4304,2
4305,邵阳市,43,1
430501,市辖区,4305,2
430502,双清区,4305,2
430503,大祥区,4305,2
430511,北塔区,4305,2
430521,邵东县,4305,2
430522,新邵县,4305,2
430523,邵阳县,4305,2
430524,隆回县,4305,2
430525,洞口县,4305,2
430527,绥宁县,4305,2
430528,新宁县,4305,2
430529,城步苗族自治县,4305,2
430581,武冈市,4305,2
4306,岳阳市,43,1
430601,市辖区,4306,2
430602,岳阳楼区,4306,2
430603,云溪区,4306,2
430611,君山区,4306,2
430621,岳阳县,4306,2
430623,华容县,4306,2
430624,湘阴县,4306,2
430626,平江县,4306,2
430681,汨罗市,4306,2
430682,临湘市,4306,2
4307,常德市,43,1
430701,市辖区,4307,2
430702,武陵区,4307,2
430703,鼎城区,4307,2
430721,安乡县,4307,2
430722,汉寿县,4307,2
430723,澧县,4307,2
430724,临澧县,4307,2
430725,桃源县,4307,2
430726,石门县,4307,2
430781,津市市,4307,2
4308,张家界市,43,1
430801,市辖区,4308,2
430802,永定区,4308,2
430811,武陵源区,4308,2
430821,慈利县,4308,2
430822,桑植县,4308,2
4309,益阳市,43,1
430901,市辖区,4309,2
430902,资阳区,4309,2
430903,赫山区,4309,2
430921,南县,4309,2
430922,桃江县,4309,2
430923,安化县,4309,2
430981,沅江市,4309,2
4310,郴州市,43,1
431001,市辖区,4310,2
431002,北湖区,4310,2
431003,苏仙区,4310,2
431021,桂阳县,4310,2
431022,宜章县,4310,2
431023,永兴县,4310,2
431024,嘉禾县,4310,2
431025,临武县,4310,2
431026,汝城县,4310,2
431027,桂东县,4310,2
431028,安仁县,4310,2
431081,资兴市,4310,2
4311,永州市,43,1
431101,市辖区,4311,2
431102,零陵区,4311,2
431103,冷水滩区,4311,2
431121,祁阳县,4311,2
431122,东安县,4311,2
431123,双牌县,4311,2
431124,道县,4311,2
431125,江永县,4311,2
431126,宁远县,4311,2
431127,蓝山县,4311,2
431128,新田县,4311,2
431129,江华瑶族自治县,4311,2
4312,怀化市,43,1
431201,市辖区,4312,2
431202,鹤城区,4312,2
431221,中方县,4312,2
431222,沅陵县,4312,2
431223,辰溪县,4312,2
431224,溆浦县,4312,2
431225,会同县,4312,2
431226,麻阳苗族自治县,4312,2
431227,新晃侗族自治县,4312,2
431228,芷江侗族自治县,4312,2
431229,靖州苗族侗族自治县,4312,2
431230,通道侗族自治县,4312,2
431281,洪江市,4312,2
4313,娄底市,43,1
431301,市辖区,4313,2
431302,娄星区,4313,2
431321,双峰县,4313,2
431322,新化县,4313,2
431381,冷水江市,4313,2
431382,涟源市,4313,2
4331,湘西土家族苗族自治州,43,1
433101,吉首市,4331,2
433122,泸溪县,4331,2
433123,凤凰县,4331,2
433124,花垣县,4331,2
433125,保靖县,4331,2
433126,古丈县,4331,2
433127,永顺县,4331,2
433130,龙山县,4331,2
44,广东,,0
4401,广州市,44,1
440101,市辖区,4401,2
440103,荔湾区,4401,2
440104,越秀区,4401,2
440105,海珠区,4401,2
440106,天河区,4401,2
440111,白云区,4401,2
440112,黄埔区,4401,2
440113,番禺区,4401,2
440114,花都区,4401,2
440115,南沙区,4401,2
440116,萝岗区,4401,2
440183,增城市,4401,2
440184,从化市,4401,2
4402,韶关市,44,1
440201,市辖区,4402,2
440203,武江区,4402,2
440204,浈江区,4402,2
440205,曲江区,4402,2
440222,始兴县,4402,2
440224,仁化县,4402,2
440229,翁源县,4402,2
440232,乳源瑶族自治县,4402,2
440233,新丰县,4402,2
440281,乐昌市,4402,2
440282,南雄市,4402,2
4403,深圳市,44,1
440301,市辖区,4403,2
440303,罗湖区,4403,2
440304,福田区,4403,2
440305,南山区,4403,2
440306,宝安区,4403,2
440307,龙岗区,4403,2
440308,盐田区,4403,2
4404,珠海市,44,1
440401,市辖区,4404,2
440402,香洲区,4404,2
440403,斗门区,4404,2
440404,金湾区,4404,2
4405,汕头市,44,1
440501,市辖区,4405,2
440507,龙湖区,4405,2
440511,金平区,4405,2
440512,濠江区,4405,2
440513,潮阳区,4405,2
440514,潮南区,4405,2
440515,澄海区,4405,2
440523,南澳县,4405,2
4406,佛山市,44,1
440601,市辖区,4406,2
440604,禅城区,4406,2
440605,南海区,4406,2
440606,顺德区,4406,2
440607,三水区,4406,2
440608,高明区,4406,2
4407,江门市,44,1
440701,市辖区,4407,2
440703,蓬江区,4407,2
440704,江海区,4407,2
440705,新会区,4407,2
440781,台山市,4407,2
440783,开平市,4407,2
440784,鹤山市,4407,2
440785,恩平市,4407,2
4408,湛江市,44,1
440801,市辖区,4408,2
440802,赤坎区,4408,2
440803,霞山区,4408,2
440804,坡头区,4408,2
440811,麻章区,4408,2
440823,遂溪县,4408,2
440825,徐闻县,4408,2
440881,廉江市,4408,2
440882,雷州市,4408,2
440883,吴川市,4408,2
4409,茂名市,44,1
440901,市辖区,4409,2
440902,茂南区,4409,2
440903,茂港区,4409,2
440923,电白县,4409,2
440981,高州市,4409,2
440982,化州市,4409,2
440983,信宜市,4409,2
4412,肇庆市,44,1
441201,市辖区,4412,2
441202,端州区,4412,2
441203,鼎湖区,4412,2
441223,广宁县,4412,2
441224,怀集县,4412,2
441225,封开县,4412,2
441226,德庆县,4412,2
441283,高要市,4412,2
441284,四会市,4412,2
4413,惠州市,44,1
441301,市辖区,4413,2
441302,惠城区,4413,2
441303,惠阳区,4413,2
441322,博罗县,4413,2
441323,惠东县,4413,2
441324,龙门县,4413,2
4414,梅州市,44,1
441401,市辖区,4414,2
441402,梅江区,4414,2
441421,梅县,4414,2
441422,大埔县,4414,2
441423,丰顺县,4414,2
441424,五华县,4414,2
441426,平远县,4414,2
441427,蕉岭县,4414,2
441481,兴宁市,4414,2
4415,汕尾市,44,1
441501,市辖区,4415,2
441502,城区,4415,2
441521,海丰县,4415,2
441523,陆河县,4415,2
441581,陆丰市,4415,2
4416,河源市,44,1
441601,市辖区,4416,2
441602,源城区,4416,2
441621,紫金县,4416,2
441622,龙川县,4416,2
441623,连平县,4416,2
441624,和平县,4416,2
441625,东源县,4416,2
4417,阳江市,44,1
441701,市辖区,4417,2
441702,江城区,4417,2
441721,阳西县,4417,2
441723,阳东县,4417,2
441781,阳春市,4417,2
4418,清远市,44,1
441801,市辖区,4418,2
441802,清城区,4418,2
441821,佛冈县,4418,2
441823,阳山县,4418,2
441825,连山壮族瑶族自治县,4418,2
441826,连南瑶族自治县,4418,2
441827,清新县,4418,2
441881,英德市,4418,2
441882,连州市,4418,2
4419,东莞市,44,1
4420,中山市,44,1
4451,潮州市,44,1
445101,市辖区,4451,2
445102,湘桥区,4451,2
445121,潮安县,4451,2
445122,饶平县,4451,2
4452,揭阳市,44,1
445201,市辖区,4452,2
445202,榕城区,4452,2
445221,揭东县,4452,2
445222,揭西县,4452,2
445224,惠来县,4452,2
445281,普宁市,4452,2
4453,云浮市,44,1
445301,市辖区,4453,2
445302,云城区,4453,2
445321,新兴县,4453,2
445322,郁南县,4453,2
445323,云安县,4453,2
445381,罗定市,4453,2
45,广西,,0
4501,南宁市,45,1
450101,市辖区,4501,2
450102,兴宁区,4501,2
450103,青秀区,4501,2
450105,江南区,4501,2
450107,西乡塘区,4501,2
450108,良庆区,4501,2
450109,邕宁区,4501,2
450122,武鸣县,4501,2
450123,隆安县,4501,2
450124,马山县,4501,2
450125,上林县,4501,2
450126,宾阳县,4501,2
450127,横县,4501,2
4502,柳州市,45,1
450201,市辖区,4502,2
450202,城中区,4502,2
450203,鱼峰区,4502,2
450204,柳南区,4502,2
450205,柳北区,4502,2
450221,柳江县,4502,2
450222,柳城县,4502,2
450223,鹿寨县,4502,2
450224,融安县,4502,2
450225,融水苗族自治县,4502,2
450226,三江侗族自治县,4502,2
4503,桂林市,45,1
450301,市辖区,4503,2
450302,秀峰区,4503,2
450303,叠彩区,4503,2
450304,象山区,4503,2
450305,七星区,4503,2
450311,雁山区,4503,2
450321,阳朔县,4503,2
450322,临桂县,4503,2
450323,灵川县,4503,2
450324,全州县,4503,2
450325,兴安县,4503,2
450326,永福县,4503,2
450327,灌阳县,4503,2
450328,龙胜各族自治县,4503,2
450329,资源县,4503,2
450330,平乐县,4503,2
450331,荔浦县,4503,2
450332,恭城瑶族自治县,4503,2
4504,梧州市,45,1
450401,市辖区,4504,2
450403,万秀区,4504,2
450404,蝶山区,4504,2
450405,长洲区,4504,2
450421,苍梧县,4504,2
450422,藤县,4504,2
450423,蒙山县,4504,2
450481,岑溪市,4504,2
4505,北海市,45,1
450501,市辖区,4505,2
450502,海城区,4505,2
450503,银海区,4505,2
450512,铁山港区,4505,2
450521,合浦县,4505,2
4506,防城港市,45,1
450601,市辖区,4506,2
450602,港口区,4506,2
450603,防城区,4506,2
450621,上思县,4506,2
450681,东兴市,4506,2
4507,钦州市,45,1
450701,市辖区,4507,2
450702,钦南区,4507,2
450703,钦北区,4507,2
450721,灵山县,4507,2
450722,浦北县,4507,2
4508,贵港市,45,1
450801,市辖区,4508,2
450802,港北区,4508,2
450803,港南区,4508,2
450804,覃塘区,4508,2
450821,平南县,4508,2
450881,桂平市,4508,2
4509,玉林市,45,1
450901,市辖区,4509,2
450902,玉州区,4509,2
450921,容县,4509,2
450922,陆川县,4509,2
450923,博白县,4509,2
450924,兴业县,4509,2
450981,北流市,4509,2
4510,百色市,45,1
451001,市辖区,4510,2
451002,右江区,4510,2
451021,田阳县,4510,2
451022,田东县,4510,2
451023,平果县,4510,2
451024,德保县,4510,2
451025,靖西县,4510,2
451026,那坡县,4510,2
451027,凌云县,4510,2
451028,乐业县,4510,2
451029,田林县,4510,2
451030,西林县,4510,2
451031,隆林各族自治县,4510,2
4511,贺州市,45,1
451101,市辖区,4511,2
451102,八步区,4511,2
451121,昭平县,4511,2
451122,钟山县,4511,2
451123,富川瑶族自治县,4511,2
4512,河池市,45,1
451201,市辖区,4512,2
451202,金城江区,4512,2
451221,南丹县,4512,2
451222,天峨县,4512,2
451223,凤山县,4512,2
451224,东兰县,4512,2
451225,罗城仫佬族自治县,4512,2
451226,环江毛南族自治县,4512,2
451227,巴马瑶族自治县,4512,2
451228,都安瑶族自治县,4512,2
451229,大化瑶族自治县,4512,2
451281,宜州市,4512,2
4513,来宾市,45,1
451301,市辖区,4513,2
451302,兴宾区,4513,2
451321,忻城县,4513,2
451322,象州县,4513,2
451323,武宣县,4513,2
451324,金秀瑶族自治县,4513,2
451381,合山市,4513,2
4514,崇左市,45,1
451401,市辖区,4514,2
451402,江洲区,4514,2
451421,扶绥县,4514,2
451422,宁明县,4514,2
451423,龙州县,4514,2
451424,大新县,4514,2
451425,天等县,4514,2
451481,凭祥市,4514,2
46,海南,,0
4601,海口市,46,1
460101,市辖区,4601,2
460105,秀英区,4601,2
460106,龙华区,4601,2
460107,琼山区,4601,2
460108,美兰区,4601,2
4602,三亚市,46,1
460201,市辖区,4602,2
4603,三沙市,46,1
460321,西沙群岛,4603,2
460322,南沙群岛,4603,2
460323,中沙群岛的岛礁及其海域,4603,2
4690,省直辖县级行政区划,46,1
469001,五指山市,4690,2
469002,琼海市,4690,2
469003,儋州市,4690,2
469005,文昌市,4690,2
469006,万宁市,4690,2
469007,东方市,4690,2
469021,定安县,4690,2
469022,屯昌县,4690,2
469023,澄迈县,4690,2
469024,临高县,4690,2
469025,白沙黎族自治县,4690,2
469026,昌江黎族自治县,4690,2
469027,乐东黎族自治县,4690,2
469028,陵水黎族自治县,4690,2
469029,保亭黎族苗族自治县,4690,2
469030,琼中黎族苗族自治县,4690,2
50,重庆,,0
5001,市辖区,50,1
500101,万州区,5001,2
500102,涪陵区,5001,2
500103,渝中区,5001,2
500104,大渡口区,5001,2
500105,江北区,5001,2
500106,沙坪坝区,5001,2
500107,九龙坡区,5001,2
500108,南岸区,5001,2
500109,北碚区,5001,2
500110,綦江区,5001,2
500111,大足区,5001,2
500112,渝北区,5001,2
500113,巴南区,5001,2
500114,黔江区,5001,2
500115,长寿区,5001,2
500116,江津区,5001,2
500117,合川区,5001,2
500118,永川区,5001,2
500119,南川区,5001,2
5002,县,50,1
500223,潼南县,5002,2
500224,铜梁县,5002,2
500226,荣昌县,5002,2
500227,璧山县,5002,2
500228,梁平县,5002,2
500229,城口县,5002,2
500230,丰都县,5002,2
500231,垫江县,5002,2
500232,武隆县,5002,2
500233,忠县,5002,2
500234,开县,5002,2
500235,云阳县,5002,2
500236,奉节县,5002,2
500237,巫山县,5002,2
500238,巫溪县,5002,2
500240,石柱土家族自治县,5002,2
500241,秀山土家族苗族自治县,5002,2
500242,酉阳土家族苗族自治县,5002,2
500243,彭水苗族土家族自治县,5002,2
51,四川,,0
5101,成都市,51,1
510101,市辖区,5101,2
510104,锦江区,5101,2
510105,青羊区,5101,2
510106,金牛区,5101,2
510107,武侯区,5101,2
510108,成华区,5101,2
510112,龙泉驿区,5101,2
510113,青白江区,5101,2
510114,新都区,5101,2
510115,温江区,5101,2
510121,金堂县,5101,2
510122,双流县,5101,2
510124,郫县,5101,2
510129,大邑县,5101,2
510131,蒲江县,5101,2
510132,新津县,5101,2
510181,都江堰市,5101,2
510182,彭州市,5101,2
510183,邛崃市,5101,2
510184,崇州市,5101,2
5103,自贡市,51,1
510301,市辖区,5103,2
510302,自流井区,5103,2
510303,贡井区,5103,2
510304,大安区,5103,2
510311,沿滩区,5103,2
510321,荣县,5103,2
510322,富顺县,5103,2
5104,攀枝花市,51,1
510401,市辖区,5104,2
510402,东区,5104,2
510403,西区,5104,2
510411,仁和区,5104,2
510421,米易县,5104,2
510422,盐边县,5104,2
5105,泸州市,51,1
510501,市辖区,5105,2
510502,江阳区,5105,2
510503,纳溪区,5105,2
510504,龙马潭区,5105,2
510521,泸县,5105,2
510522,合江县,5105,2
510524,叙永县,5105,2
510525,古蔺县,5105,2
5106,德阳市,51,1
510601,市辖区,5106,2
510603,旌阳区,5106,2
510623,中江县,5106,2
510626,罗江县,5106,2
510681,广汉市,5106,2
510682,什邡市,5106,2
510683,绵竹市,5106,2
5107,绵阳市,51,1
510701,市辖区,5107,2
510703,涪城区,5107,2
510704,游仙区,5107,2
510722,三台县,5107,2
510723,盐亭县,5107,2
510724,安县,5107,2
510725,梓潼县,5107,2
510726,北川羌族自治县,5107,2
510727,平武县,5107,2
510781,江油市,5107,2
5108,广元市,51,1
510801,市辖区,5108,2
510802,利州区,5108,2
510811,元坝区,5108,2
510812,朝天区,5108,2
510821,旺苍县,5108,2
510822,青川县,5108,2
510823,剑阁县,5108,2
510824,苍溪县,5108,2
5109,遂宁市,51,1
510901,市辖区,5109,2
510903,船山区,5109,2
510904,安居区,5109,2
510921,蓬溪县,5109,2
510922,射洪县,5109,2
510923,大英县,5109,2
5110,内江市,51,1
511001,市辖区,5110,2
511002,市中区,5110,2
511011,东兴区,5110,2
511024,威远县,5110,2
511025,资中县,5110,2
511028,隆昌县,5110,2
5111,乐山市,51,1
511101,市辖区,5111,2
511102,市中区,5111,2
511111,沙湾区,5111,2
511112,五通桥区,5111,2
511113,金口河区,5111,2
511123,犍为县,5111,2
511124,井研县,5111,2
511126,夹江县,5111,2
511129,沐川县,5111,2
511132,峨边彝族自治县,5111,2
511133,马边彝族自治县,5111,2
511181,峨眉山市,5111,2
5113,南充市,51,1
511301,市辖区,5113,2
511302,顺庆区,5113,2
511303,高坪区,5113,2
511304,嘉陵区,5113,2
511321,南部县,5113,2
511322,营山县,5113,2
511323,蓬安县,5113,2
511324,仪陇县,5113,2
511325,西充县,5113,2
511381,阆中市,5113,2
5114,眉山市,51,1
511401,市辖区,5114,2
511402,东坡区,5114,2
511421,仁寿县,5114,2
511422,彭山县,5114,2
511423,洪雅县,5114,2
511424,丹棱县,5114,2
511425,青神县,5114,2
5115,宜宾市,51,1
511501,市辖区,5115,2
511502,翠屏区,5115,2
511503,南溪区,5115,2
511521,宜宾县,5115,2
511523,江安县,5115,2
511524,长宁县,5115,2
511525,高县,5115,2
511526,珙县,5115,2
511527,筠连县,5115,2
511528,兴文县,5115,2
511529,屏山县,5115,2
5116,广安市,51,1
511601,市辖区,5116,2
511602,广安区,5116,2
511621,岳池县,5116,2
511622,武胜县,5116,2
511623,邻水县,5116,2
511681,华蓥市,5116,2
5117,达州市,51,1
511701,市辖区,5117,2
511702,通川区,5117,2
511721,达县,5117,2
511722,宣汉县,5117,2
511723,开江县,5117,2
511724,大竹县,5117,2
511725,渠县,5117,2
511781,万源市,5117,2
5118,雅安市,51,1
511801,市辖区,5118,2
511802,雨城区,5118,2
511803,名山区,5118,2
511822,荥经县,5118,2
511823,汉源县,5118,2
511824,石棉县,5118,2
511825,天全县,5118,2
511826,芦山县,5118,2
511827,宝兴县,5118,2
5119,巴中市,51,1
511901,市辖区,5119,2
511902,巴州区,5119,2
511921,通江县,5119,2
511922,南江县,5119,2
511923,平昌县,5119,2
5120,资阳市,51,1
512001,市辖区,5120,2
512002,雁江区,5120,2
512021,安岳县,5120,2
512022,乐至县,5120,2
512081,简阳市,5120,2
5132,阿坝藏族羌族自治州,51,1
513221,汶川县,5132,2
513222,理县,5132,2
513223,茂县,5132,2
513224,松潘县,5132,2
513225,九寨沟县,5132,2
513226,金川县,5132,2
513227,小金县,5132,2
513228,黑水县,5132,2
513229,马尔康县,5132,2
513230,壤塘县,5132,2
513231,阿坝县,5132,2
513232,若尔盖县,5132,2
513233,红原县,5132,2
5133,甘孜藏族自治州,51,1
513321,康定县,5133,2
513322,泸定县,5133,2
513323,丹巴县,5133,2
513324,九龙县,5133,2
513325,雅江县,5133,2
513326,道孚县,5133,2
513327,炉霍县,5133,2
513328,甘孜县,5133,2
513329,新龙县,5133,2
513330,德格县,5133,2
513331,白玉县,5133,2
513332,石渠县,5133,2
513333,色达县,5133,2
513334,理塘县,5133,2
513335,巴塘县,5133,2
513336,乡城县,5133,2
513337,稻城县,5133,2
513338,得荣县,5133,2
5134,凉山彝族自治州,51,1
513401,西昌市,5134,2
513422,木里藏族自治县,5134,2
513423,盐源县,5134,2
513424,德昌县,5134,2
513425,会理县,5134,2
513426,会东县,5134,2
513427,宁南县,5134,2
513428,普格县,5134,2
513429,布拖县,5134,2
513430,金阳县,5134,2
513431,昭觉县,5134,2
513432,喜德县,5134,2
513433,冕宁县,5134,2
513434,越西县,5134,2
513435,甘洛县,5134,2
513436,美姑县,5134,2
513437,雷波县,5134,2
52,贵州,,0
5201,贵阳市,52,1
520101,市辖区,5201,2
520102,南明区,5201,2
520103,云岩区,5201,2
520111,花溪区,5201,2
520112,乌当区,5201,2
520113,白云区,5201,2
520114,小河区,5201,2
520121,开阳县,5201,2
520122,息烽县,5201,2
520123,修文县,5201,2
520181,清镇市,5201,2
5202,六盘水市,52,1
520201,钟山区,5202,2
520203,六枝特区,5202,2
520221,水城县,5202,2
520222,盘县,5202,2
5203,遵义市,52,1
520301,市辖区,5203,2
520302,红花岗区,5203,2
520303,汇川区,5203,2
520321,遵义县,5203,2
520322,桐梓县,5203,2
520323,绥阳县,5203,2
520324,正安县,5203,2
520325,道真仡佬族苗族自治县,5203,2
520326,务川仡佬族苗族自治县,5203,2
520327,凤冈县,5203,2
520328,湄潭县,5203,2
520329,余庆县,5203,2
520330,习水县,5203,2
520381,赤水市,5203,2
520382,仁怀市,5203,2
5204,安顺市,52,1
520401,市辖区,5204,2
520402,西秀区,5204,2
520421,平坝县,5204,2
520422,普定县,5204,2
520423,镇宁布依族苗族自治县,5204,2
520424,关岭布依族苗族自治县,5204,2
520425,紫云苗族布依族自治县,5204,2
5205,毕节市,52,1
520502,七星关区,5205,2
520521,大方县,5205,2
520522,黔西县,5205,2
520523,金沙县,5205,2
520524,织金县,5205,2
520525,纳雍县,5205,2
520526,威宁彝族回族苗族自治县,5205,2
520527,赫章县,5205,2
5206,铜仁市,52,1
520602,碧江区,5206,2
520603,万山区,5206,2
520621,江口县,5206,2
520622,玉屏侗族自治县,5206,2
520623,石阡县,5206,2
520624,思南县,5206,2
520625,印江土家族苗族自治县,5206,2
520626,德江县,5206,2
520627,沿河土家族自治县,5206,2
520628,松桃苗族自治县,5206,2
5223,黔西南布依族苗族自治州,52,1
522301,兴义市,5223,2
522322,兴仁县,5223,2
522323,普安县,5223,2
522324,晴隆县,5223,2
522325,贞丰县,5223,2
522326,望谟县,5223,2
522327,册亨县,5223,2
522328,安龙县,5223,2
5226,黔东南苗族侗族自治州,52,1
522601,凯里市,5226,2
522622,黄平县,5226,2
522623,施秉县,5226,2
522624,三穗县,5226,2
522625,镇远县,5226,2
522626,岑巩县,5226,2
522627,天柱县,5226,2
522628,锦屏县,5226,2
522629,剑河县,5226,2
522630,台江县,5226,2
522631,黎平县,5226,2
522632,榕江县,5226,2
522633,从江县,5226,2
522634,雷山县,5226,2
522635,麻江县,5226,2
522636,丹寨县,5226,2
5227,黔南布依族苗族自治州,52,1
522701,都匀市,5227,2
522702,福泉市,5227,2
522722,荔波县,5227,2
522723,贵定县,5227,2
522725,瓮安县,5227,2
522726,独山县,5227,2
522727,平塘县,5227,2
522728,罗甸县,5227,2
522729,长顺县,5227,2
522730,龙里县,5227,2
522731,惠水县,5227,2
522732,三都水族自治县,5227,2
53,云南,,0
5301,昆明市,53,1
530101,市辖区,5301,2
530102,五华区,5301,2
530103,盘龙区,5301,2
530111,官渡区,5301,2
530112,西山区,5301,2
530113,东川区,5301,2
530114,呈贡区,5301,2
530122,晋宁县,5301,2
530124,富民县,5301,2
530125,宜良县,5301,2
530126,石林彝族自治县,5301,2
530127,嵩明县,5301,2
530128,禄劝彝族苗族自治县,5301,2
530129,寻甸回族彝族自治县,5301,2
530181,安宁市,5301,2
5303,曲靖市,53,1
530301,市辖区,5303,2
530302,麒麟区,5303,2
530321,马龙县,5303,2
530322,陆良县,5303,2
530323,师宗县,5303,2
530324,罗平县,5303,2
530325,富源县,5303,2
530326,会泽县,5303,2
530328,沾益县,5303,2
530381,宣威市,5303,2
5304,玉溪市,53,1
530402,红塔区,5304,2
530421,江川县,5304,2
530422,澄江县,5304,2
530423,通海县,5304,2
530424,华宁县,5304,2
530425,易门县,5304,2
530426,峨山彝族自治县,5304,2
530427,新平彝族傣族自治县,5304,2
530428,元江哈尼族彝族傣族自治县,5304,2
5305,保山市,53,1
530501,市辖区,5305,2
530502,隆阳区,5305,2
530521,施甸县,5305,2
530522,腾冲县,5305,2
530523,龙陵县,5305,2
530524,昌宁县,5305,2
5306,昭通市,53,1
530601,市辖区,5306,2
530602,昭阳区,5306,2
530621,鲁甸县,5306,2
530622,巧家县,5306,2
530623,盐津县,5306,2
530624,大关县,5306,2
530625,永善县,5306,2
530626,绥江县,5306,2
530627,镇雄县,5306,2
530628,彝良县,5306,2
530629,威信县,5306,2
530630,水富县,5306,2
5307,丽江市,53,1
530701,市辖区,5307,2
530702,古城区,5307,2
530721,玉龙纳西族自治县,5307,2
530722,永胜县,5307,2
530723,华坪县,5307,2
530724,宁蒗彝族自治县,5307,2
5308,普洱市,53,1
530801,市辖区,5308,2
530802,思茅区,5308,2
530821,宁洱哈尼族彝族自治县,5308,2
530822,墨江哈尼族自治县,5308,2
530823,景东彝族自治县,5308,2
530824,景谷傣族彝族自治县,5308,2
530825,镇沅彝族哈尼族拉祜族自治县,5308,2
530826,江城哈尼族彝族自治县,5308,2
530827,孟连傣族拉祜族佤族自治县,5308,2
530828,澜沧拉祜族自治县,5308,2
530829,西盟佤族自治县,5308,2
5309,临沧市,53,1
530901,市辖区,5309,2
530902,临翔区,5309,2
530921,凤庆县,5309,2
530922,云县,5309,2
530923,永德县,5309,2
530924,镇康县,5309,2
530925,双江拉祜族佤族布朗族傣族自治县,5309,2
530926,耿马傣族佤族自治县,5309,2
530927,沧源佤族自治县,5309,2
5323,楚雄彝族自治州,53,1
532301,楚雄市,5323,2
532322,双柏县,5323,2
532323,牟定县,5323,2
532324,南华县,5323,2
532325,姚安县,5323,2
532326,大姚县,5323,2
532327,永仁县,5323,2
532328,元谋县,5323,2
532329,武定县,5323,2
532331,禄丰县,5323,2
5325,红河哈尼族彝族自治州,53,1
532501,个旧市,5325,2
532502,开远市,5325,2
532503,蒙自市,5325,2
532523,屏边苗族自治县,5325,2
532524,建水县,5325,2
532525,石屏县,5325,2
532526,弥勒县,5325,2
532527,泸西县,5325,2
532528,元阳县,5325,2
532529,红河县,5325,2
532530,金平苗族瑶族傣族自治县,5325,2
532531,绿春县,5325,2
532532,河口瑶族自治县,5325,2
5326,文山壮族苗族自治州,53,1
532601,文山市,5326,2
532622,砚山县,5326,2
532623,西畴县,5326,2
532624,麻栗坡县,5326,2
532625,马关县,5326,2
532626,丘北县,5326,2
532627,广南县,5326,2
532628,富宁县,5326,2
5328,西双版纳傣族自治州,53,1
532801,景洪市,5328,2
532822,勐海县,5328,2
532823,勐腊县,5328,2
5329,大理白族自治州,53,1
532901,大理市,5329,2
532922,漾濞彝族自治县,5329,2
532923,祥云县,5329,2
532924,宾川县,5329,2
532925,弥渡县,5329,2
532926,南涧彝族自治县,5329,2
532927,巍山彝族回族自治县,5329,2
532928,永平县,5329,2
532929,云龙县,5329,2
532930,洱源县,5329,2
532931,剑川县,5329,2
532932,鹤庆县,5329,2
5331,德宏傣族景颇族自治州,53,1
533102,瑞丽市,5331,2
533103,芒市,5331,2
533122,梁河县,5331,2
533123,盈江县,5331,2
533124,陇川县,5331,2
5333,怒江傈僳族自治州,53,1
533321,泸水县,5333,2
533323,福贡县,5333,2
533324,贡山独龙族怒族自治县,5333,2
533325,兰坪白族普米族自治县,5333,2
5334,迪庆藏族自治州,53,1
533421,香格里拉县,5334,2
533422,德钦县,5334,2
533423,维西傈僳族自治县,5334,2
54,西藏,,0
5401,拉萨市,54,1
540101,市辖区,5401,2
540102,城关区,5401,2
540121,林周县,5401,2
540122,当雄县,5401,2
540123,尼木县,5401,2
540124,曲水县,5401,2
540125,堆龙德庆县,5401,2
540126,达孜县,5401,2
540127,墨竹工卡县,5401,2
5421,昌都地区,54,1
542121,昌都县,5421,2
542122,江达县,5421,2
542123,贡觉县,5421,2
542124,类乌齐县,5421,2
542125,丁青县,5421,2
542126,察雅县,5421,2
542127,八宿县,5421,2
542128,左贡县,5421,2
542129,芒康县,5421,2
542132,洛隆县,5421,2
542133,边坝县,5421,2
5422,山南地区,54,1
542221,乃东县,5422,2
542222,扎囊县,5422,2
542223,贡嘎县,5422,2
542224,桑日县,5422,2
542225,琼结县,5422,2
542226,曲松县,5422,2
542227,措美县,5422,2
542228,洛扎县,5422,2
542229,加查县,5422,2
542231,隆子县,5422,2
542232,错那县,5422,2
542233,浪卡子县,5422,2
5423,日喀则地区,54,1
542301,日喀则市,5423,2
542322,南木林县,5423,2
542323,江孜县,5423,2
542324,定日县,5423,2
542325,萨迦县,5423,2
542326,拉孜县,5423,2
542327,昂仁县,5423,2
542328,谢通门县,5423,2
542329,白朗县,5423,2
542330,仁布县,5423,2
542331,康马县,5423,2
542332,定结县,5423,2
542333,仲巴县,5423,2
542334,亚东县,5423,2
542335,吉隆县,5423,2
542336,聂拉木县,5423,2
542337,萨嘎县,5423,2
542338,岗巴县,5423,2
5424,那曲地区,54,1
542421,那曲县,5424,2
542422,嘉黎县,5424,2
542423,比如县,5424,2
542424,聂荣县,5424,2
542425,安多县,5424,2
542426,申扎县,5424,2
542427,索县,5424,2
542428,班戈县,5424,2
542429,巴青县,5424,2
542430,尼玛县,5424,2
5425,阿里地区,54,1
542521,普兰县,5425,2
542522,札达县,5425,2
542523,噶尔县,5425,2
542524,日土县,5425,2
542525,革吉县,5425,2
542526,改则县,5425,2
542527,措勤县,5425,2
5426,林芝地区,54,1
542621,林芝县,5426,2
542622,工布江达县,5426,2
542623,米林县,5426,2
542624,墨脱县,5426,2
542625,波密县,5426,2
542626,察隅县,5426,2
542627,朗县,5426,2
61,陕西,,0
6101,西安市,61,1
610101,市辖区,6101,2
610102,新城区,6101,2
610103,碑林区,6101,2
610104,莲湖区,6101,2
610111,灞桥区,6101,2
610112,未央区,6101,2
610113,雁塔区,6101,2
610114,阎良区,6101,2
610115,临潼区,6101,2
610116,长安区,6101,2
610122,蓝田县,6101,2
610124,周至县,6101,2
610125,户县,6101,2
610126,高陵县,6101,2
6102,铜川市,61,1
610201,市辖区,6102,2
610202,王益区,6102,2
610203,印台区,6102,2
610204,耀州区,6102,2
610222,宜君县,6102,2
6103,宝鸡市,61,1
610301,市辖区,6103,2
610302,渭滨区,6103,2
610303,金台区,6103,2
610304,陈仓区,6103,2
610322,凤翔县,6103,2
610323,岐山县,6103,2
610324,扶风县,6103,2
610326,眉县,6103,2
610327,陇县,6103,2
610328,千阳县,6103,2
610329,麟游县,6103,2
610330,凤县,6103,2
610331,太白县,6103,2
6104,咸阳市,61,1
610401,市辖区,6104,2
610402,秦都区,6104,2
610403,杨陵区,6104,2
610404,渭城区,6104,2
610422,三原县,6104,2
610423,泾阳县,6104,2
610424,乾县,6104,2
610425,礼泉县,6104,2
610426,永寿县,6104,2
610427,彬县,6104,2
610428,长武县,6104,2
610429,旬邑县,6104,2
610430,淳化县,6104,2
610431,武功县,6104,2
610481,兴平市,6104,2
6105,渭南市,61,1
610501,市辖区,6105,2
610502,临渭区,6105,2
610521,华县,6105,2
610522,潼关县,6105,2
610523,大荔县,6105,2
610524,合阳县,6105,2
610525,澄城县,6105,2
610526,蒲城县,6105,2
610527,白水县,6105,2
610528,富平县,6105,2
610581,韩城市,6105,2
610582,华阴市,6105,2
6106,延安市,61,1
610601,市辖区,6106,2
610602,宝塔区,6106,2
610621,延长县,6106,2
610622,延川县,6106,2
610623,子长县,6106,2
610624,安塞县,6106,2
610625,志丹县,6106,2
610626,吴起县,6106,2
610627,甘泉县,6106,2
610628,富县,6106,2
610629,洛川县,6106,2
610630,宜川县,6106,2
610631,黄龙县,6106,2
610632,黄陵县,6106,2
6107,汉中市,61,1
610701,市辖区,6107,2
610702,汉台区,6107,2
610721,南郑县,6107,2
610722,城固县,6107,2
610723,洋县,6107,2
610724,西乡县,6107,2
610725,勉县,6107,2
610726,宁强县,6107,2
610727,略阳县,6107,2
610728,镇巴县,6107,2
610729,留坝县,6107,2
610730,佛坪县,6107,2
6108,榆林市,61,1
610801,市辖区,6108,2
610802,榆阳区,6108,2
610821,神木县,6108,2
610822,府谷县,6108,2
610823,横山县,6108,2
610824,靖边县,6108,2
610825,定边县,6108,2
610826,绥德县,6108,2
610827,米脂县,6108,2
610828,佳县,6108,2
610829,吴堡县,6108,2
610830,清涧县,6108,2
610831,子洲县,6108,2
6109,安康市,61,1
610901,市辖区,6109,2
610902,汉滨区,6109,2
610921,汉阴县,6109,2
610922,石泉县,6109,2
610923,宁陕县,6109,2
610924,紫阳县,6109,2
610925,岚皋县,6109,2
610926,平利县,6109,2
610927,镇坪县,6109,2
610928,旬阳县,6109,2
610929,白河县,6109,2
6110,商洛市,61,1
611001,市辖区,6110,2
611002,商州区,6110,2
611021,洛南县,6110,2
611022,丹凤县,6110,2
611023,商南县,6110,2
611024,山阳县,6110,2
611025,镇安县,6110,2
611026,柞水县,6110,2
62,甘肃,,0
6201,兰州市,62,1
620101,市辖区,6201,2
620102,城关区,6201,2
620103,七里河区,6201,2
620104,西固区,6201,2
620105,安宁区,6201,2
620111,红古区,6201,2
620121,永登县,6201,2
620122,皋兰县,6201,2
620123,榆中县,6201,2
6202,嘉峪关市,62,1
620201,市辖区,6202,2
6203,金昌市,62,1
620301,市辖区,6203,2
620302,金川区,6203,2
620321,永昌县,6203,2
6204,白银市,62,1
620401,市辖区,6204,2
620402,白银区,6204,2
620403,平川区,6204,2
620421,靖远县,6204,2
620422,会宁县,6204,2
620423,景泰县,6204,2
6205,天水市,62,1
620501,市辖区,6205,2
620502,秦州区,6205,2
620503,麦积区,6205,2
620521,清水县,6205,2
620522,秦安县,6205,2
620523,甘谷县,6205,2
620524,武山县,6205,2
620525,张家川回族自治县,6205,2
6206,武威市,62,1
620601,市辖区,6206,2
620602,凉州区,6206,2
620621,民勤县,6206,2
620622,古浪县,6206,2
620623,天祝藏族自治县,6206,2
6207,张掖市,62,1
620701,市辖区,6207,2
620702,甘州区,6207,2
620721,肃南裕固族自治县,6207,2
620722,民乐县,6207,2
620723,临泽县,6207,2
620724,高台县,6207,2
620725,山丹县,6207,2
6208,平凉市,62,1
620801,市辖区,6208,2
620802,崆峒区,6208,2
620821,泾川县,6208,2
620822,灵台县,6208,2
620823,崇信县,6208,2
620824,华亭县,6208,2
620825,庄浪县,6208,2
620826,静宁县,6208,2
6209,酒泉市,62,1
620901,市辖区,6209,2
620902,肃州区,6209,2
620921,金塔县,6209,2
620922,瓜州县,6209,2
620923,肃北蒙古族自治县,6209,2
620924,阿克塞哈萨克族自治县,6209,2
620981,玉门市,6209,2
620982,敦煌市,6209,2
6210,庆阳市,62,1
621001,市辖区,6210,2
621002,西峰区,6210,2
621021,庆城县,6210,2
621022,环县,6210,2
621023,华池县,6210,2
621024,合水县,6210,2
621025,正宁县,6210,2
621026,宁县,6210,2
621027,镇原县,6210,2
6211,定西市,62,1
621101,市辖区,6211,2
621102,安定区,6211,2
621121,通渭县,6211,2
621122,陇西县,6211,2
621123,渭源县,6211,2
621124,临洮县,6211,2
621125,漳县,6211,2
621126,岷县,6211,2
6212,陇南市,62,1
621201,市辖区,6212,2
621202,武都区,6212,2
621221,成县,6212,2
621222,文县,6212,2
621223,宕昌县,6212,2
621224,康县,6212,2
621225,西和县,6212,2
621226,礼县,6212,2
621227,徽县,6212,2
621228,两当县,6212,2
6229,临夏回族自治州,62,1
622901,临夏市,6229,2
622921,临夏县,6229,2
622922,康乐县,6229,2
622923,永靖县,6229,2
622924,广河县,6229,2
622925,和政县,6229,2
622926,东乡族自治县,6229,2
622927,积石山保安族东乡族撒拉族自治县,6229,2
6230,甘南藏族自治州,62,1
623001,合作市,6230,2
623021,临潭县,6230,2
623022,卓尼县,6230,2
623023,舟曲县,6230,2
623024,迭部县,6230,2
623025,玛曲县,6230,2
623026,碌曲县,6230,2
623027,夏河县,6230,2
63,青海,,0
6301,西宁市,63,1
630101,市辖区,6301,2
630102,城东区,6301,2
630103,城中区,6301,2
630104,城西区,6301,2
630105,城北区,6301,2
630121,大通回族土族自治县,6301,2
630122,湟中县,6301,2
630123,湟源县,6301,2
6321,海东地区,63,1
632121,平安县,6321,2
632122,民和回族土族自治县,6321,2
632123,乐都县,6321,2
632126,互助土族自治县,6321,2
632127,化隆回族自治县,6321,2
632128,循化撒拉族自治县,6321,2
6322,海北藏族自治州,63,1
632221,门源回族自治县,6322,2
632222,祁连县,6322,2
632223,海晏县,6322,2
632224,刚察县,6322,2
6323,黄南藏族自治州,63,1
632321,同仁县,6323,2
632322,尖扎县,6323,2
632323,泽库县,6323,2
632324,河南蒙古族自治县,6323,2
6325,海南藏族自治州,63,1
632521,共和县,6325,2
632522,同德县,6325,2
632523,贵德县,6325,2
632524,兴海县,6325,2
632525,贵南县,6325,2
6326,果洛藏族自治州,63,1
632621,玛沁县,6326,2
632622,班玛县,6326,2
632623,甘德县,6326,2
632624,达日县,6326,2
632625,久治县,6326,2
632626,玛多县,6326,2
6327,玉树藏族自治州,63,1
632721,玉树县,6327,2
632722,杂多县,6327,2
632723,称多县,6327,2
632724,治多县,6327,2
632725,囊谦县,6327,2
632726,曲麻莱县,6327,2
6328,海西蒙古族藏族自治州,63,1
632801,格尔木市,6328,2
632802,德令哈市,6328,2
632821,乌兰县,6328,2
632822,都兰县,6328,2
632823,天峻县,6328,2
64,宁夏,,0
6401,银川市,64,1
640101,市辖区,6401,2
640104,兴庆区,6401,2
640105,西夏区,6401,2
640106,金凤区,6401,2
640121,永宁县,6401,2
640122,贺兰县,6401,2
640181,灵武市,6401,2
6402,石嘴山市,64,1
640201,市辖区,6402,2
640202,大武口区,6402,2
640205,惠农区,6402,2
640221,平罗县,6402,2
6403,吴忠市,64,1
640301,市辖区,6403,2
640302,利通区,6403,2
640303,红寺堡区,6403,2
640323,盐池县,6403,2
640324,同心县,6403,2
640381,青铜峡市,6403,2
6404,固原市,64,1
640401,市辖区,6404,2
640402,原州区,6404,2
640422,西吉县,6404,2
640423,隆德县,6404,2
640424,泾源县,6404,2
640425,彭阳县,6404,2
6405,中卫市,64,1
640501,市辖区,6405,2
640502,沙坡头区,6405,2
640521,中宁县,6405,2
640522,海原县,6405,2
65,新疆,,0
6501,乌鲁木齐市,65,1
650101,市辖区,6501,2
650102,天山区,6501,2
650103,沙依巴克区,6501,2
650104,新市区,6501,2
650105,水磨沟区,6501,2
650106,头屯河区,6501,2
650107,达坂城区,6501,2
650109,米东区,6501,2
650121,乌鲁木齐县,6501,2
6502,克拉玛依市,65,1
650201,市辖区,6502,2
650202,独山子区,6502,2
650203,克拉玛依区,6502,2
650204,白碱滩区,6502,2
650205,乌尔禾区,6502,2
6521,吐鲁番地区,65,1
652101,吐鲁番市,6521,2
652122,鄯善县,6521,2
652123,托克逊县,6521,2
6522,哈密地区,65,1
652201,哈密市,6522,2
652222,巴里坤哈萨克自治县,6522,2
652223,伊吾县,6522,2
6523,昌吉回族自治州,65,1
652301,昌吉市,6523,2
652302,阜康市,6523,2
652323,呼图壁县,6523,2
652324,玛纳斯县,6523,2
652325,奇台县,6523,2
652327,吉木萨尔县,6523,2
652328,木垒哈萨克自治县,6523,2
6527,博尔塔拉蒙古自治州,65,1
652701,博乐市,6527,2
652722,精河县,6527,2
652723,温泉县,6527,2
6528,巴音郭楞蒙古自治州,65,1
652801,库尔勒市,6528,2
652822,轮台县,6528,2
652823,尉犁县,6528,2
652824,若羌县,6528,2
652825,且末县,6528,2
652826,焉耆回族自治县,6528,2
652827,和静县,6528,2
652828,和硕县,6528,2
652829,博湖县,6528,2
6529,阿克苏地区,65,1
652901,阿克苏市,6529,2
652922,温宿县,6529,2
652923,库车县,6529,2
652924,沙雅县,6529,2
652925,新和县,6529,2
652926,拜城县,6529,2
652927,乌什县,6529,2
652928,阿瓦提县,6529,2
652929,柯坪县,6529,2
6530,克孜勒苏柯尔克孜自治州,65,1
653001,阿图什市,6530,2
653022,阿克陶县,6530,2
653023,阿合奇县,6530,2
653024,乌恰县,6530,2
6531,喀什地区,65,1
653101,喀什市,6531,2
653121,疏附县,6531,2
653122,疏勒县,6531,2
653123,英吉沙县,6531,2
653124,泽普县,6531,2
653125,莎车县,6531,2
653126,叶城县,6531,2
653127,麦盖提县,6531,2
653128,岳普湖县,6531,2
653129,伽师县,6531,2
653130,巴楚县,6531,2
653131,塔什库尔干塔吉克自治县,6531,2
6532,和田地区,65,1
653201,和田市,6532,2
653221,和田县,6532,2
653222,墨玉县,6532,2
653223,皮山县,6532,2
653224,洛浦县,6532,2
653225,策勒县,6532,2
653226,于田县,6532,2
653227,民丰县,6532,2
6540,伊犁哈萨克自治州,65,1
654002,伊宁市,6540,2
654003,奎屯市,6540,2
654021,伊宁县,6540,2
654022,察布查尔锡伯自治县,6540,2
654023,霍城县,6540,2
654024,巩留县,6540,2
654025,新源县,6540,2
654026,昭苏县,6540,2
654027,特克斯县,6540,2
654028,尼勒克县,6540,2
6542,塔城地区,65,1
654201,塔城市,6542,2
654202,乌苏市,6542,2
654221,额敏县,6542,2
654223,沙湾县,6542,2
654224,托里县,6542,2
654225,裕民县,6542,2
654226,和布克赛尔蒙古自治县,6542,2
6543,阿勒泰地区,65,1
654301,阿勒泰市,6543,2
654321,布尔津县,6543,2
654322,富蕴县,6543,2
654323,福海县,6543,2
654324,哈巴河县,6543,2
654325,青河县,6543,2
654326,吉木乃县,6543,2
6590,自治区直辖县级行政区划,65,1
659001,石河子市,6590,2
659002,阿拉尔市,6590,2
659003,图木舒克市,6590,2
659004,五家渠市,6590,2
